"ID","Handle","Command","Title","Status"
"8940229263591","square-neck-mini-dress","MERGE","Square Neck Mini Dress","Draft"
"8940229099751","square-neck-maxi-dress-3","MERGE","Square Neck Maxi Dress","Draft"
"8940230672615","stevie","MERGE","STEVIE CASHMERE  SWEATER","Draft"
"8940230410471","sawyer","MERGE","SAWYER TOP","Draft"
"8940230541543","sawyer-1","MERGE","SAWYER TOP","Draft"
"8940231459047","ls-baby-tee","MERGE","Long Sleeve Baby Tee","Draft"
"8940231819495","tank-romper-1","MERGE","TANK ROMPER","Draft"
"8964805525735","test-product-1","MERGE","test product","Archived"
"8975032352999","gift-card","MERGE","Backup - Digital Gift Card","Draft"
"8975032385767","gift-card-1","MERGE","Gift Card","Draft"
"8975042052327","poplin-lounge-pant","MERGE","Lounge Pant","Draft"
"8975042117863","poplin-oversized-button-down","MERGE","Oversized Button Down","Draft"
"8975042576615","button-down","MERGE","Button Down","Draft"
"8983466803431","lounge-pant-stripe","MERGE","Lounge Pant","Draft"
"8983466901735","button-down-stripe","MERGE","Oversized Button Down","Draft"
"9017717227751","test-2","MERGE","Test 2","Draft"
"9038863171815","long-sleeve-turtleneck-mini-dress-moss","MERGE","Long Sleeve Turtleneck Mini Dress","Archived"
"9038865039591","shrunken-hoodie-sweatshirt-moss","MERGE","Shrunken Hoodie Sweatshirt","Draft"
"9052912681191","fitted-crewneck-long-sleeve-t-shirt-3","MERGE","FITTED CREWNECK LONG SLEEVE T-SHIRT","Draft"
"9091643998439","shrunken-hoodie-sweatshirt-poppy","MERGE","Shrunken Hoodie Sweatshirt Poppy","Archived"
"9091644162279","iris-tank-poppy","MERGE","Iris Tank Poppy","Archived"
"9091644915943","iris-mini-dress-poppy","MERGE","Iris Mini Dress Poppy","Archived"
"9091646849255","kaia-bikini-top-poppy","MERGE","Kaia Bikini Top Poppy","Archived"
"9091647013095","grace-one-piece-poppy","MERGE","GRACE ONE PIECE","Draft"
"9091647144167","kaia-one-piece-poppy","MERGE","KAIA ONE PIECE","Draft"
"9091647308007","kaia-bikini-bottom-poppy","MERGE","Kaia Bikini Bottom Poppy","Archived"
"9091648225511","short-sleeve-raglan-sweatshirt-sage","MERGE","Short Sleeve Raglan Sweatshirt","Archived"
"9091648749799","long-sleeve-baby-tee-sage","MERGE","Long Sleeve Baby Tee Sage","Archived"
"9091649667303","kaia-bikini-top-sage","MERGE","Kaia Bikini Top Sage","Archived"
"9091649765607","grace-one-piece-sage","MERGE","GRACE ONE PIECE","Draft"
"9091649863911","kaia-bikini-bottom-sage","MERGE","Kaia Bikini Bottom Sage","Archived"
"9092339368167","short-sleeve-baby-tee-n-br-1","MERGE","Short Sleeve Baby Tee","Archived"
"9092354572519","lounge-pant-b-ct","MERGE","Lounge Pant","Archived"
"9092404510951","short-sleeve-baby-tee-moss-br","MERGE","Short Sleeve Baby Tee","Archived"
"9092410704103","lounge-pant-i-cm","MERGE","Lounge Pant","Draft"
"9092418371815","lounge-pant-h-ct","MERGE","Lounge Pant","Draft"
"9092420337895","lounge-pant-c-ct","MERGE","Lounge Pant","Archived"
"9092421714151","lounge-pant-m-cm-copy","MERGE","Lounge Pant","Archived"
"9092428267751","short-sleeve-baby-tee-ivory-br","MERGE","Short Sleeve Baby Tee","Archived"
"9092428431591","lounge-pant-ho-ct","MERGE","Lounge Pant","Archived"
"9092432134375","short-sleeve-baby-tee-ch-br","MERGE","Short Sleeve Baby Tee","Archived"
"9092433314023","short-sleeve-baby-tee-heather-grey-br","MERGE","Short Sleeve Baby Tee","Archived"
"9092433805543","short-sleeve-baby-tee-heather-oatmeal-cm","MERGE","Short Sleeve Baby Tee","Archived"
"9092435181799","long-sleeve-baby-tee-heather-oatmeal-cm","MERGE","Long Sleeve Baby Tee","Archived"
"9092440522983","long-sleeve-baby-tee-moss-br","MERGE","Long Sleeve Baby Tee","Archived"
"9092442489063","fitted-crewneck-long-sleeve-t-shirt-sj-ivory","MERGE","FITTED CREWNECK LONG SLEEVE T-SHIRT sj","Draft"
"9092442849511","long-sleeve-baby-tee-navy-br","MERGE","Long Sleeve Baby Tee","Archived"
"9092445896935","long-sleeve-baby-tee-chocolate-br","MERGE","Long Sleeve Baby Tee","Archived"
"9092453892327","long-sleeve-baby-tee-ivory-br","MERGE","Long Sleeve Baby Tee","Archived"
"9092457431271","long-sleeve-baby-tee-heather-grey-br","MERGE","Long Sleeve Baby Tee","Archived"
"9092467589351","fitted-crewneck-short-sleeve-t-shirt-cm","MERGE","FITTED CREWNECK SHORT SLEEVE T-SHIRT","Archived"
"9092469489895","fitted-crewneck-short-sleeve-t-shirt-sj","MERGE","FITTED CREWNECK SHORT SLEEVE T-SHIRT","Draft"
"9092469948647","fitted-crewneck-short-sleeve-t-shirt-sj-1","MERGE","FITTED CREWNECK SHORT SLEEVE T-SHIRT","Archived"
"9092470866151","fitted-crewneck-short-sleeve-t-shirt-sj-2","MERGE","FITTED CREWNECK SHORT SLEEVE T-SHIRT","Archived"
"9092471128295","fitted-crewneck-short-sleeve-t-shirt-copy","MERGE","FITTED CREWNECK SHORT SLEEVE T-SHIRT","Archived"
"9092486332647","lounge-pant-n-cm","MERGE","Lounge Pant","Archived"
"9109907734759","harlow-maxi-dress-cream","MERGE","Harlow Maxi Dress Cream","Archived"
"9109907800295","harlow-maxi-dress-ivory","MERGE","Harlow Maxi Dress Ivory","Archived"
"9119756746983","cropped-long-sleeve-thermal-black","MERGE","Cropped Long Sleeve Thermal","Draft"
"9119757041895","boyfriend-tank-black","MERGE","Boyfriend Tank","Draft"
"9119757304039","cropped-boyfriend-tank-ivory","MERGE","Cropped Boyfriend Tank","Draft"
"9119757402343","boyfriend-tank-ivory","MERGE","Boyfriend Tank","Draft"
"9119757467879","cropped-boyfriend-tank-black","MERGE","Cropped Boyfriend Tank","Draft"
"9146689880295","kaia-one-piece-black","MERGE","KAIA ONE PIECE","Draft"
"8940207800551","cropped-scoop-neck-tank-sand","MERGE","Cropped Scoop Neck Tank","Draft"
"8940207898855","long-sleeve-cropped-t-shirt-earth","MERGE","Long Sleeve Cropped T-shirt","Draft"
"8940208095463","long-sleeve-cropped-t-shirt-olive","MERGE","Long Sleeve Cropped T-Shirt","Draft"
"8940208455911","lounge-pant-oat","MERGE","Lounge Pant","Draft"
"8940208521447","lounge-pant-olive","MERGE","Lounge Pant","Draft"
"8940208652519","lounge-pant-sand","MERGE","Lounge Pant","Draft"
"8940208685287","lounge-boxer-short-chocolate","MERGE","Lounge Boxer Short","Draft"
"8940208783591","lounge-boxer-short-oat","MERGE","Lounge Boxer Short","Draft"
"8940208816359","lounge-boxer-short-olive","MERGE","Lounge Boxer Short","Draft"
"8940208881895","lounge-boxer-short-sand","MERGE","Lounge Boxer Short","Draft"
"8940209111271","super-cropped-rib-tank-1","MERGE","Super Cropped Rib Tank","Draft"
"8940209242343","super-cropped-rib-tank-2","MERGE","Super Cropped Rib Tank","Draft"
"8940209340647","super-cropped-rib-tank-3","MERGE","Super Cropped Rib Tank","Draft"
"8940210061543","cropped-rib-tank-oat","MERGE","Cropped Rib Tank","Draft"
"8940210127079","cropped-rib-tank-sand","MERGE","Cropped Rib Tank","Draft"
"8940210225383","amelia-halter-one-piece","MERGE","Amelia Halter One Piece","Archived"
"8940210389223","amelia-halter-one-piece-1","MERGE","Amelia Halter One Piece","Archived"
"8940210454759","amelia-halter-one-piece-2","MERGE","Amelia Halter One Piece","Archived"
"8940210684135","isla-string-bikini-top","MERGE","ISLA BIKINI TOP","Archived"
"8940210749671","isla-string-bikini-top-1","MERGE","ISLA BIKINI TOP","Archived"
"8940210847975","isla-string-bikini-top-2","MERGE","ISLA BIKINI TOP","Archived"
"8940211011815","isla-string-bikini-brief","MERGE","ISLA BIKINI BOTTOM","Archived"
"8940211044583","isla-string-bikini-brief-1","MERGE","ISLA BIKINI BOTTOM","Archived"
"8940211208423","isla-string-bikini-brief-2","MERGE","ISLA BIKINI BOTTOM","Archived"
"8940211339495","jolene-button-down-top","MERGE","Jolene Button Down Top","Archived"
"8940211437799","jolene-button-down-top-1","MERGE","Jolene Button Down Top","Archived"
"8940211536103","jolene-button-down-top-2","MERGE","Jolene Button Down Top","Archived"
"8940211634407","dylan-boxer-short","MERGE","Dylan Boxer Short","Archived"
"8940211765479","dylan-boxer-short-1","MERGE","Dylan Boxer Short","Archived"
"8940211929319","dylan-boxer-short-2","MERGE","Dylan Boxer Short","Archived"
"8940212027623","esme-mini-sarong","MERGE","Esme Mini Sarong","Archived"
"8940212125927","esme-mini-sarong-1","MERGE","Esme Mini Sarong","Archived"
"8940212191463","esme-mini-sarong-2","MERGE","Esme Mini Sarong","Archived"
"8940212224231","bella-tank-one-piece","MERGE","Bella Tank One Piece","Archived"
"8940212388071","bella-tank-one-piece-1","MERGE","Bella Tank One Piece","Archived"
"8940231655655","tank-jumpsuit-1","MERGE","TANK JUMPSUIT","Draft"
"8940231524583","tank-jumpsuit","MERGE","TANK JUMPSUIT","Draft"
"8940212650215","thea-90s-bikini-top","MERGE","Thea Bikini Top","Archived"
"8940212912359","thea-90s-bikini-top-2","MERGE","Thea Bikini Top Chocolate","Archived"
"8940213043431","thea-90s-bikini-bottom","MERGE","Thea Bikini Bottom","Archived"
"8940213141735","thea-90s-bikini-bottom-1","MERGE","Thea Bikini Bottom","Archived"
"8940213272807","thea-90s-bikini-bottom-2","MERGE","Thea Bikini Bottom","Archived"
"8940213371111","esme-maxi-sarong","MERGE","Esme Maxi Sarong","Archived"
"8940213403879","esme-maxi-sarong-1","MERGE","Esme Maxi Sarong","Archived"
"8940213502183","esme-maxi-sarong-2","MERGE","Esme Maxi Sarong","Archived"
"8940213567719","willow-pant","MERGE","Willow Pant","Archived"
"8940213731559","willow-pant-1","MERGE","Willow Pant","Archived"
"8940213928167","willow-pant-2","MERGE","Willow Pant","Archived"
"8940214059239","lennon-robe","MERGE","Lennon Robe","Archived"
"8940214190311","lennon-robe-1","MERGE","Lennon Robe","Archived"
"8940214288615","lennon-robe-2","MERGE","Lennon Robe","Archived"
"8940214452455","georgia-maxi-dress","MERGE","Georgia Dress Cream","Draft"
"8940214616295","sloane-dress","MERGE","Sloane Dress","Draft"
"8940214747367","romee-top","MERGE","Romee Top","Draft"
"8940214976743","chloe-top","MERGE","Chloé Top","Draft"
"8940215206119","simone-top","MERGE","Simone Top","Draft"
"8940215304423","emma-skirt","MERGE","Emma Skirt","Draft"
"8940215402727","tank-dress-mini-chocolate","MERGE","Tank Mini Dress","Draft"
"8940215599335","terry-raglan-cutoff-top","MERGE","TERRY RAGLAN CUTOFF TOP","Draft"
"8940215697639","terry-raglan-cutoff-top-1","MERGE","TERRY RAGLAN CUTOFF TOP CREAM","Draft"
"8940215861479","terry-boyfriend-short","MERGE","TERRY BOYFRIEND SHORT","Draft"
"8940215927015","terry-boyfriend-short-1","MERGE","TERRY BOYFRIEND SHORT","Draft"
"8940216058087","ines","MERGE","Ines Racerback Tank","Draft"
"8940216123623","poppy","MERGE","Poppy Cardigan Millet","Draft"
"8940216254695","cheyenne","MERGE","Cheyenn Cropped Sweater","Draft"
"8940216352999","emma-skirt-1","MERGE","Emma Skirt","Draft"
"8940216713447","ines-1","MERGE","Ines Racerback Tank","Draft"
"8940216844519","ines-2","MERGE","Ines Racerback Top","Draft"
"8940217008359","blaise","MERGE","BLAISE","Draft"
"8940217073895","blaise-1","MERGE","BLAISE","Draft"
"8940217172199","blaise-2","MERGE","BLAISE","Draft"
"8940217204967","jamie","MERGE","JAMIE","Draft"
"8940217303271","jamie-1","MERGE","JAMIE","Draft"
"8940217368807","jamie-2","MERGE","JAMIE","Draft"
"8940217434343","poppy-1","MERGE","Poppy Cardigan Black","Draft"
"8940217499879","poppy-2","MERGE","Poppy Cardigan Cream","Draft"
"8940217532647","cheyenne-1","MERGE","Cheyenn Cropped Sweater","Draft"
"8940217630951","cheyenne-2","MERGE","Cheyenne Boat Neck Sweater","Draft"
"8940217729255","emma-skirt-3","MERGE","Emma Skirt","Draft"
"8940218482919","ls-raglan-sweatshirt","MERGE","Long Sleeve Raglan Sweatshirt","Draft"
"8940218581223","ls-raglan-sweatshirt-1","MERGE","Long Sleeve Raglan Sweatshirt","Draft"
"8940218712295","ls-raglan-sweatshirt-2","MERGE","Long Sleeve Raglan Sweatshirt","Draft"
"8940219203815","square-neck-maxi-dress","MERGE","Square Neck Maxi Dress","Draft"
"8940219334887","square-neck-maxi-dress-1","MERGE","Square Neck Maxi Dress","Draft"
"8940219433191","square-neck-maxi-dress-2","MERGE","Square Neck Maxi Dress","Draft"
"8940219531495","square-neck-mini-dress-black","MERGE","Square Neck Mini Dress","Draft"
"8940219695335","square-neck-mini-dress-cream","MERGE","Square Neck Mini Dress","Draft"
"8940219859175","square-neck-mini-dress-2","MERGE","Square Neck Mini Dress","Draft"
"8940220023015","henley-onesie","MERGE","Henley Onesie","Draft"
"8940220252391","ls-raglan-sweatshirt-3","MERGE","Long Sleeve Raglan Sweatshirt","Draft"
"8940221235431","willa","MERGE","WILLA CASHMERE BRA","Draft"
"8940221399271","willa-1","MERGE","WILLA CASHMERE BRA","Draft"
"8940221497575","willa-2","MERGE","WILLA CASHMERE BRA","Draft"
"8940222054631","terry-boyfriend-short-2","MERGE","TERRY BOYFRIEND SHORT","Draft"
"8940222447847","classic-sweatpant-clay","MERGE","Classic Sweatpant","Draft"
"8940222513383","straight-leg-sweatpant-clay","MERGE","Straight Leg Sweatpant","Draft"
"8940222677223","shrunken-raglan-sweatshirt-clay","MERGE","Shrunken Raglan Sweatshirt","Draft"
"8940222841063","oversized-crewneck-sweatshirt-clay","MERGE","Oversized Crewneck Sweatshirt","Draft"
"8940223004903","terry-raglan-cutoff-top-2","MERGE","TERRY RAGLAN CUTOFF TOP","Draft"
"8940223103207","terry-boyfriend-short-3","MERGE","TERRY BOYFRIEND SHORT","Draft"
"8940223135975","ls-raglan-sweatshirt-4","MERGE","Long Sleeve Raglan Sweatshirt","Draft"
"8940223299815","oversized-polo-sweatshirt","MERGE","Oversized Polo Sweatshirt","Draft"
"8940223430887","oversized-polo-sweatshirt-1","MERGE","Oversized Polo Sweatshirt","Draft"
"8940223496423","luna","MERGE","Luna Cashmere Skirt","Draft"
"8940223594727","luna-1","MERGE","Luna Cashmere Skirt","Draft"
"8940223660263","paige","MERGE","Paige Cashmere Vest","Draft"
"8940223758567","paige-1","MERGE","Paige Cashmere Vest","Draft"
"8940224020711","long-sleeve-fitted-top-clay","MERGE","Long Sleeve Fitted Top","Draft"
"8940224184551","tank-maxi-dress","MERGE","Tank Maxi Dress","Draft"
"8940224282855","long-sleeve-crewneck-mini-dress","MERGE","Long Sleeve Crewneck Mini Dress","Draft"
"8940224381159","long-sleeve-crewneck-maxi-dress","MERGE","Long Sleeve Crewneck Maxi Dress","Draft"
"8940224479463","high-neck-fitted-tank-4","MERGE","High Neck Fitted Tank","Draft"
"8940224839911","emma-skirt-8","MERGE","Emma Skirt","Draft"
"8940225593575","short-sleeve-baby-tee-clay","MERGE","Short Sleeve Baby Tee","Draft"
"8940225659111","lounge-pant-clay","MERGE","Lounge Pant","Draft"
"8940226183399","terry-boyfriend-short-4","MERGE","TERRY BOYFRIEND SHORT","Draft"
"8940226707687","loose-tank","MERGE","Loose Tank","Draft"
"8940226773223","loose-tank-1","MERGE","Loose Tank","Draft"
"8940226871527","loose-tank-2","MERGE","Loose Tank","Draft"
"8940226969831","loose-tank-3","MERGE","Loose Tank","Draft"
"8940227068135","halter-mini-dress","MERGE","Halter Mini Dress","Draft"
"8940227231975","halter-mini-dress-1","MERGE","Halter Mini Dress","Draft"
"8940227821799","high-neck-fitted-tank-5","MERGE","High Neck Fitted Tank","Draft"
"8940228542695","tube-maxi-dress-2","MERGE","TUBE MAXI DRESS","Draft"
"8940228804839","drawstring-short-heather-grey","MERGE","DRAWSTRING SHORT","Draft"
"8940187025639","cropped-long-sleeve-thermal-ivory","MERGE","Cropped Long Sleeve Thermal","Draft"
"8940187877607","short-biker","MERGE","Short Biker","Draft"
"8940187975911","long-biker","MERGE","Long Biker","Draft"
"8940188041447","bandeau-bra","MERGE","Bandeau Bra","Draft"
"8940189352167","eterne-mask","MERGE","Éterne Mask","Draft"
"8940189614311","turtleneck-bodysuit","MERGE","Sleeveless Turtleneck Bodysuit","Draft"
"8940189745383","halter-bodysuit-ivory","MERGE","Halter Bodysuit","Draft"
"8940189810919","halter-bodysuit-black","MERGE","Halter Bodysuit","Draft"
"8940190204135","cropped-ribbed-turtleneck-ivory","MERGE","Cropped Rib Turtleneck","Draft"
"8940190302439","cropped-ribbed-turtleneck-black","MERGE","Cropped Rib Turtleneck","Draft"
"8940190367975","ribbed-racerback-tank-ivory","MERGE","Rib Racerback Tank","Draft"
"8940190499047","ribbed-racerback-tank-black","MERGE","Rib Racerback Tank Black","Draft"
"8940190662887","ribbed-racerback-tank-heather-grey","MERGE","Rib Racerback Tank Heather Grey","Draft"
"8940190728423","cropped-rib-racerback-tank-ivory","MERGE","Cropped Rib Racerback Tank","Draft"
"8940190892263","cropped-ribbed-racerback-tank-black","MERGE","Cropped Rib Racerback Tank","Draft"
"8940190990567","cropped-ribbed-racerback-tank-heather-grey","MERGE","Cropped Rib Racerback Tank","Draft"
"8940191187175","long-sleeve-hoodie-t-shirt-ivory","MERGE","Long Sleeve Hoodie T-Shirt","Draft"
"8940191285479","long-sleeve-hoodie-t-shirt-black","MERGE","Long Sleeve Hoodie T-Shirt","Draft"
"8940191449319","long-sleeve-hoodie-t-shirt-heather-grey","MERGE","Long Sleeve Hoodie T-Shirt","Draft"
"8940191547623","long-sleeve-cropped-hoodie-t-shirt-ivory","MERGE","Long Sleeve Cropped Hoodie T-Shirt","Draft"
"8940230738151","stevie-1","MERGE","STEVIE CASHMERE SWEATER","Draft"
"8940212584679","bella-tank-one-piece-2","MERGE","Bella Tank One Piece","Archived"
"8940192039143","boyfriend-pocket-t-shirt-ivory","MERGE","Boyfriend Pocket T-Shirt","Draft"
"8940192071911","boyfriend-pocket-t-shirt-black","MERGE","Boyfriend Pocket T-Shirt","Draft"
"8940192235751","boyfriend-pocket-t-shirt-heather-grey","MERGE","Boyfriend Pocket T-Shirt","Draft"
"8940192563431","lounge-boxer-short-ivory","MERGE","Lounge Boxer Short","Draft"
"8940192727271","lounge-boxer-short-black","MERGE","Lounge Boxer Short","Draft"
"8940192825575","lounge-boxer-short-heather-grey","MERGE","Lounge Boxer Short","Draft"
"8940192891111","oversized-thermal-ivory","MERGE","Oversized Thermal","Draft"
"8940193022183","oversized-thermal-black","MERGE","Oversized Thermal","Draft"
"8940193153255","oversized-thermal-heather-grey","MERGE","Oversized Thermal","Draft"
"8940193251559","cropped-oversized-thermal-ivory","MERGE","Cropped Oversized Thermal","Draft"
"8940193382631","cropped-oversized-thermal-black","MERGE","Cropped Oversized Thermal","Draft"
"8940193579239","cropped-oversized-thermal-heather-grey","MERGE","Cropped Oversized Thermal","Draft"
"8940193710311","thermal-biker-short-black","MERGE","Thermal Biker Short","Draft"
"8940193808615","thermal-biker-short-heather-grey","MERGE","Thermal Biker Short","Draft"
"8940193874151","thermal-romper","MERGE","Thermal Romper","Draft"
"8940193939687","thermal-lounge-pant-ivory","MERGE","Lounge Pant","Draft"
"8940194037991","thermal-lounge-pant-black","MERGE","Lounge Pant","Draft"
"8940194103527","thermal-lounge-pant-heather-grey","MERGE","Lounge Pant","Draft"
"8940194169063","cropped-v-neck-t-shirt-black","MERGE","Cropped V-Neck T-Shirt","Draft"
"8940194300135","cropped-v-neck-t-shirt-ivory","MERGE","Cropped V-Neck T-Shirt","Draft"
"8940194693351","long-sleeve-cropped-t-shirt-black","MERGE","Long Sleeve Cropped T-Shirt","Draft"
"8940194857191","long-sleeve-cropped-t-shirt-heather-grey","MERGE","Long Sleeve Cropped T-Shirt","Draft"
"8940194922727","long-sleeve-cropped-t-shirt-ivory","MERGE","Long Sleeve Cropped T-Shirt","Draft"
"8940194988263","long-sleeve-cropped-rib-t-shirt-ivory","MERGE","Long Sleeve Cropped Rib T-Shirt","Draft"
"8940195184871","long-sleeve-cropped-rib-t-shirt-black","MERGE","Long Sleeve Cropped Rib T-Shirt","Draft"
"8940195283175","long-sleeve-cropped-rib-t-shirt-heather-grey","MERGE","Long Sleeve Cropped Rib T-Shirt","Draft"
"8940195545319","cropped-v-neck-t-shirt-heather-grey","MERGE","Cropped V-Neck T-Shirt","Draft"
"8940195741927","v-neck-t-shirt-heather-grey","MERGE","V-Neck T-Shirt","Draft"
"8940195905767","cropped-long-sleeve-thermal-grey","MERGE","Cropped Long Sleeve Thermal","Draft"
"8940196233447","cropped-thermal-henley-black","MERGE","Cropped Thermal Henley","Draft"
"8940196298983","cropped-thermal-henley-heather-grey","MERGE","Cropped Thermal Henley","Draft"
"8940196757735","cropped-scoop-neck-tank-heather-grey","MERGE","CROPPED SCOOP NECK TANK","Draft"
"8940196954343","thermal-henley-black","MERGE","Thermal Henley","Draft"
"8940197118183","thermal-henley-heather-grey","MERGE","Thermal Henley","Draft"
"8940197216487","tank-dress-mini-heather-grey","MERGE","Tank Mini Dress","Draft"
"8940197871847","long-sleeve-crewneck-dress-mini-heather-grey","MERGE","Long Sleeve Crewneck Mini Dress","Draft"
"8940197970151","super-cropped-rib-tank-black","MERGE","Super Cropped Rib Tank","Draft"
"8940198101223","super-cropped-rib-tank-heather-grey","MERGE","Super Cropped Rib Tank","Draft"
"8940198199527","super-cropped-rib-tank-ivory","MERGE","Super Cropped Rib Tank","Draft"
"8940198756583","cropped-long-sleeve-fitted-top-black","MERGE","Cropped Long Sleeve Fitted Top","Draft"
"8940198822119","cropped-long-sleeve-fitted-top-cream","MERGE","Cropped Long Sleeve Fitted Top","Draft"
"8940199084263","cropped-long-sleeve-fitted-top-heather-grey","MERGE","Cropped Long Sleeve Fitted Top","Draft"
"8940199444711","cropped-fitted-turtleneck-top-heather-grey","MERGE","Cropped Fitted Turtleneck Top","Draft"
"8940199543015","thin-strap-fitted-tank-black","MERGE","Thin Strap Fitted Tank","Draft"
"8940199608551","thin-strap-fitted-tank-cream","MERGE","Thin Strap Fitted Tank","Draft"
"8940199674087","thin-strap-fitted-tank-heather-grey","MERGE","Thin Strap Fitted Tank","Draft"
"8940199772391","cropped-thin-strap-fitted-tank-black","MERGE","Cropped Thin Strap Fitted Tank","Draft"
"8940199837927","cropped-thin-strap-fitted-tank-cream","MERGE","Cropped Thin Strap Fitted Tank","Draft"
"8940200034535","cropped-thin-strap-fitted-tank-heather-grey","MERGE","Cropped Thin Strap Fitted Tank","Draft"
"8940200296679","tank-dress-maxi-heather-grey","MERGE","Tank Maxi Dress","Draft"
"8940200427751","long-sleeve-crewneck-dress-maxi-heather-grey","MERGE","Long Sleeve Crewneck Maxi Dress","Draft"
"8940200591591","long-sleeve-turtleneck-dress-mini-heather-grey","MERGE","Long Sleeve Turtleneck Mini Dress","Draft"
"8940200788199","long-sleeve-turtleneck-dress-maxi-heather-grey","MERGE","Long Sleeve Turtleneck Maxi Dress","Draft"
"8940200984807","classic-sweatpant-heather-brown","MERGE","Classic Sweatpant","Draft"
"8940201279719","straight-leg-sweatpant-heather-brown","MERGE","Straight Leg Sweatpant","Draft"
"8940201541863","shrunken-raglan-sweatshirt-choco","MERGE","Shrunken Raglan Sweatshirt","Draft"
"8940201804007","oversized-crewneck-sweatshirt-choco","MERGE","Oversized Crewneck Sweatshirt","Draft"
"8940202098919","sloane","MERGE","Sloane Dress","Draft"
"8940202164455","romee","MERGE","Romee Top","Draft"
"8940202328295","chloe","MERGE","Chloé Top","Draft"
"8940202361063","simone","MERGE","Simone Top","Draft"
"8940202492135","sadie","MERGE","Sadie Dress","Draft"
"8940202721511","theodore-1","MERGE","Theodore Cardigan","Draft"
"8940203049191","james-3","MERGE","James Sweater","Draft"
"8940203376871","long-sleeve-crewneck-dress-mini-earth","MERGE","Long Sleeve Crewneck Mini Dress","Draft"
"8940203442407","short-sleeve-baby-tee-earth","MERGE","Short Sleeve Baby Tee","Draft"
"8940203507943","lounge-pant-earth","MERGE","Lounge Pant","Draft"
"8940203573479","long-sleeve-crewneck-dress-maxi-sand","MERGE","Long Sleeve Crewneck Maxi Dress","Draft"
"8940203671783","tank-dress-mini-earth","MERGE","Tank Mini Dress","Draft"
"8940203802855","tank-dress-mini-oat","MERGE","Tank Mini Dress","Draft"
"8940203933927","tank-dress-mini-olive","MERGE","Tank Mini Dress","Draft"
"8940203999463","tank-dress-mini-sand","MERGE","Tank Mini Dress","Draft"
"8940204064999","tank-dress-maxi-chocolate","MERGE","Tank Maxi Dress","Draft"
"8940204130535","tank-dress-maxi-earth","MERGE","Tank Maxi Dress","Draft"
"8940204228839","tank-dress-maxi-olive","MERGE","Tank Maxi Dress","Draft"
"8940204359911","tank-dress-maxi-sand","MERGE","Tank Maxi Dress","Draft"
"8940204523751","tank-dress-maxi-oat","MERGE","Tank Maxi Dress","Draft"
"8940204818663","long-sleeve-crewneck-dress-mini-oat","MERGE","Long Sleeve Crewneck Mini Dress","Draft"
"8940204884199","long-sleeve-crewneck-dress-mini-sand","MERGE","Long Sleeve Crewneck Mini Dress","Draft"
"8940205146343","long-sleeve-crewneck-dress-maxi-earth","MERGE","Long Sleeve Crewneck Maxi Dress","Draft"
"8940205310183","long-sleeve-crewneck-dress-maxi-oat","MERGE","Long Sleeve Crewneck Maxi Dress","Draft"
"8940205506791","long-sleeve-turtleneck-dress-maxi-earth","MERGE","Long Sleeve Turtleneck Maxi Dress","Draft"
"8940205768935","long-sleeve-turtleneck-dress-maxi-sand","MERGE","Long Sleeve Turtleneck Maxi Dress","Draft"
"8940206031079","short-sleeve-baby-tee-oat","MERGE","Short Sleeve Baby Tee","Draft"
"8940206129383","short-sleeve-baby-tee-olive","MERGE","Short Sleeve Baby Tee","Draft"
"8940206457063","short-sleeve-baby-tee-sand","MERGE","Short Sleeve Baby Tee","Draft"
"8940206653671","short-sleeve-boyfriend-t-shirt-chocolate","MERGE","Short Sleeve Boyfriend T-Shirt","Draft"
"8940206751975","short-sleeve-boyfriend-t-shirt-oat","MERGE","Short Sleeve Boyfriend T-Shirt Oat","Draft"
"8940206850279","short-sleeve-boyfriend-t-shirt-olive","MERGE","Short Sleeve Boyfriend T-Shirt Olive","Draft"
"8940206915815","short-sleeve-boyfriend-t-shirt-sand","MERGE","Short Sleeve Boyfriend T-Shirt","Draft"
"8940212781287","thea-90s-bikini-top-1","MERGE","Thea Bikini Top Ivory","Archived"
"8940191875303","long-sleeve-cropped-hoodie-t-shirt-black","MERGE","Long Sleeve Cropped Hoodie T-Shirt","Draft"
"8940207046887","long-sleeve-boyfriend-t-shirt-olive","MERGE","Long Sleeve Boyfriend T-Shirt","Draft"
"8940207112423","long-sleeve-boyfriend-t-shirt-sand","MERGE","Long Sleeve Boyfriend T-Shirt","Draft"
"8940207145191","rib-tank-chocolate","MERGE","Rib Tank","Draft"
"8940207177959","rib-tank-oat","MERGE","Rib Tank","Draft"
"8940207243495","rib-tank-olive","MERGE","Rib Tank","Draft"
"8940207309031","rib-tank-sand","MERGE","Rib Tank","Draft"
"8940207407335","rib-tank-earth","MERGE","Rib Tank","Draft"
"8940207505639","cropped-scoop-neck-tank-earth","MERGE","Cropped Scoop Neck Tank","Draft"
"8940207538407","cropped-scoop-neck-tank-chocolate","MERGE","Cropped Scoop Neck Tank","Draft"
"8940207571175","cropped-scoop-neck-tank-oat","MERGE","Cropped Scoop Neck Tank","Draft"
"8940207669479","cropped-scoop-neck-tank-olive","MERGE","Cropped Scoop Neck Tank","Draft"
"8940207014119","long-sleeve-boyfriend-t-shirt-oat","MERGE","Long Sleeve Boyfriend T-Shirt","Draft"
"8940191940839","long-sleeve-cropped-hoodie-t-shirt-heather-grey","MERGE","Long Sleeve Cropped Hoodie T-Shirt","Draft"
"8940206981351","long-sleeve-boyfriend-t-shirt-chocolate","MERGE","Long Sleeve Boyfriend T-Shirt","Draft"