"ID","Handle","Command","Title","Status","Published","Published At"
"8940200788199","long-sleeve-turtleneck-dress-maxi-heather-grey","MERGE","Long Sleeve Turtleneck Maxi Dress","Draft","false",""
"8940200722663","long-sleeve-turtleneck-dress-maxi-cream","MERGE","LONG SLEEVE TURTLENECK MAXI DRESS","Active","true","2022-08-30 11:53:31 -0700"
"8940200919271","classic-sweatpant-cream","MERGE","CLASSIC SWEATPANT","Active","true","2022-09-19 12:13:35 -0700"
"8940201017575","classic-sweatpant-heather-grey","MERGE","CLASSIC SWEATPANT","Active","true","2022-11-29 12:31:40 -0800"
"8940200984807","classic-sweatpant-heather-brown","MERGE","Classic Sweatpant","Draft","false",""
"8940200853735","classic-sweatpant-black","MERGE","CLASSIC SWEATPANT","Active","true","2022-09-19 12:12:21 -0700"
"8940201115879","straight-leg-sweatpant-cream","MERGE","STRAIGHT LEG SWEATPANT","Active","true","2022-09-06 15:50:42 -0700"
"8940201410791","shrunken-raglan-sweatshirt-black","MERGE","SHRUNKEN RAGLAN SWEATSHIRT","Active","true","2022-09-06 15:44:43 -0700"
"8940201476327","shrunken-raglan-sweatshirt-cream","MERGE","SHRUNKEN RAGLAN SWEATSHIRT","Active","true","2022-09-06 15:44:18 -0700"
"8940201541863","shrunken-raglan-sweatshirt-choco","MERGE","Shrunken Raglan Sweatshirt","Draft","false",""
"8940201607399","shrunken-raglan-sweatshirt-heather-grey","MERGE","SHRUNKEN RAGLAN SWEATSHIRT","Active","true","2022-09-26 19:22:43 -0700"
"8940201672935","oversized-crewneck-sweatshirt-black","MERGE","OVERSIZED CREWNECK SWEATSHIRT","Active","true","2022-09-19 12:15:47 -0700"
"8940201705703","oversized-crewneck-sweatshirt-cream","MERGE","OVERSIZED CREWNECK SWEATSHIRT","Active","true","2022-09-19 12:17:42 -0700"
"8940201804007","oversized-crewneck-sweatshirt-choco","MERGE","Oversized Crewneck Sweatshirt","Draft","false",""
"8940201902311","oversized-crewneck-sweatshirt-heather-grey","MERGE","OVERSIZED CREWNECK SWEATSHIRT","Active","true","2022-11-29 12:25:06 -0800"
"8940201935079","georgia","MERGE","GEORGIA DRESS","Active","true","2022-11-15 12:48:04 -0800"
"8940202033383","charlie","MERGE","CHARLIE TOP","Active","true","2022-11-07 14:56:02 -0800"
"8940202098919","sloane","MERGE","Sloane Dress","Draft","false",""
"8940202164455","romee","MERGE","Romee Top","Draft","false",""
"8940202262759","amina","MERGE","AMINA TOP","Active","true","2022-10-17 12:21:24 -0700"
"8940202328295","chloe","MERGE","Chloé Top","Draft","false",""
"8940202361063","simone","MERGE","Simone Top","Draft","false",""
"8940202426599","emma","MERGE","EMMA SKIRT","Active","true","2022-10-11 13:29:34 -0700"
"8940202492135","sadie","MERGE","Sadie Dress","Draft","false",""
"8940202590439","theodore","MERGE","THEODORE CARDIGAN","Active","true","2022-11-01 12:07:31 -0700"
"8940202721511","theodore-1","MERGE","Theodore Cardigan","Draft","false",""
"8940202754279","theodore-2","MERGE","THEODORE CARDIGAN","Active","true","2022-11-01 12:23:22 -0700"
"8940202787047","theodore-3","MERGE","THEODORE CARDIGAN","Active","true","2022-11-01 12:08:13 -0700"
"8940202852583","james","MERGE","JAMES SWEATER","Active","true","2022-11-02 12:04:16 -0700"
"8940202885351","james-1","MERGE","JAMES SWEATER","Active","true","2022-11-02 12:05:04 -0700"
"8940202950887","james-2","MERGE","JAMES SWEATER","Active","true","2022-11-02 12:05:44 -0700"
"8940203049191","james-3","MERGE","James Sweater","Draft","false",""
"8940203081959","francis","MERGE","FRANCIS SWEATER","Active","true","2022-10-25 13:05:41 -0700"
"8940203147495","francis-1","MERGE","FRANCIS SWEATER","Active","true","2022-11-01 16:02:24 -0700"
"8940203180263","francis-2","MERGE","FRANCIS SWEATER","Active","true","2022-10-25 13:06:29 -0700"
"8940203213031","francis-3","MERGE","FRANCIS SWEATER","Active","true","2022-10-25 13:06:50 -0700"
"8940203376871","long-sleeve-crewneck-dress-mini-earth","MERGE","Long Sleeve Crewneck Mini Dress","Draft","false",""
"8940203442407","short-sleeve-baby-tee-earth","MERGE","Short Sleeve Baby Tee","Draft","false",""
"8940203507943","lounge-pant-earth","MERGE","Lounge Pant","Draft","false",""
"8940203573479","long-sleeve-crewneck-dress-maxi-sand","MERGE","Long Sleeve Crewneck Maxi Dress","Draft","false",""
"8940203671783","tank-dress-mini-earth","MERGE","Tank Mini Dress","Draft","false",""
"8940203802855","tank-dress-mini-oat","MERGE","Tank Mini Dress","Draft","false",""
"8940203933927","tank-dress-mini-olive","MERGE","Tank Mini Dress","Draft","false",""
"8940203999463","tank-dress-mini-sand","MERGE","Tank Mini Dress","Draft","false",""
"8940204064999","tank-dress-maxi-chocolate","MERGE","Tank Maxi Dress","Draft","false",""
"8940204130535","tank-dress-maxi-earth","MERGE","Tank Maxi Dress","Draft","false",""
"8940204228839","tank-dress-maxi-olive","MERGE","Tank Maxi Dress","Draft","false",""
"8940204359911","tank-dress-maxi-sand","MERGE","Tank Maxi Dress","Draft","false",""
"8940204523751","tank-dress-maxi-oat","MERGE","Tank Maxi Dress","Draft","false",""
"8940204654823","long-sleeve-crewneck-dress-mini-chocolate","MERGE","LONG SLEEVE CREWNECK MINI DRESS","Active","true","2023-08-08 06:53:42 -0700"
"8940204818663","long-sleeve-crewneck-dress-mini-oat","MERGE","Long Sleeve Crewneck Mini Dress","Draft","false",""
"8940204884199","long-sleeve-crewneck-dress-mini-sand","MERGE","Long Sleeve Crewneck Mini Dress","Draft","false",""
"8940204949735","long-sleeve-crewneck-dress-maxi-chocolate","MERGE","LONG SLEEVE CREWNECK MAXI DRESS","Active","true","2023-09-05 06:35:03 -0700"
"8940205146343","long-sleeve-crewneck-dress-maxi-earth","MERGE","Long Sleeve Crewneck Maxi Dress","Draft","false",""
"8940205310183","long-sleeve-crewneck-dress-maxi-oat","MERGE","Long Sleeve Crewneck Maxi Dress","Draft","false",""
"8940205342951","long-sleeve-turtleneck-dress-mini-chocolate","MERGE","LONG SLEEVE TURTLENECK MINI DRESS","Active","true","2023-10-03 07:42:27 -0700"
"8940205506791","long-sleeve-turtleneck-dress-maxi-earth","MERGE","Long Sleeve Turtleneck Maxi Dress","Draft","false",""
"8940205768935","long-sleeve-turtleneck-dress-maxi-sand","MERGE","Long Sleeve Turtleneck Maxi Dress","Draft","false",""
"8940205932775","short-sleeve-baby-tee-chocolate","MERGE","SHORT SLEEVE BABY TEE","Active","true","2024-11-24 09:33:03 -0800"
"8940206031079","short-sleeve-baby-tee-oat","MERGE","Short Sleeve Baby Tee","Draft","false",""
"8940206129383","short-sleeve-baby-tee-olive","MERGE","Short Sleeve Baby Tee","Draft","false",""
"8940206457063","short-sleeve-baby-tee-sand","MERGE","Short Sleeve Baby Tee","Draft","false",""
"8940206653671","short-sleeve-boyfriend-t-shirt-chocolate","MERGE","Short Sleeve Boyfriend T-Shirt","Draft","false",""
"8940206751975","short-sleeve-boyfriend-t-shirt-oat","MERGE","Short Sleeve Boyfriend T-Shirt Oat","Draft","false",""
"8940206850279","short-sleeve-boyfriend-t-shirt-olive","MERGE","Short Sleeve Boyfriend T-Shirt Olive","Draft","false",""
"8940206915815","short-sleeve-boyfriend-t-shirt-sand","MERGE","Short Sleeve Boyfriend T-Shirt","Draft","false",""
"8940206981351","long-sleeve-boyfriend-t-shirt-chocolate","MERGE","Long Sleeve Boyfriend T-Shirt","Draft","false",""
"8940207014119","long-sleeve-boyfriend-t-shirt-oat","MERGE","Long Sleeve Boyfriend T-Shirt","Draft","false",""
"8940207046887","long-sleeve-boyfriend-t-shirt-olive","MERGE","Long Sleeve Boyfriend T-Shirt","Draft","false",""
"8940207112423","long-sleeve-boyfriend-t-shirt-sand","MERGE","Long Sleeve Boyfriend T-Shirt","Draft","false",""
"8940207145191","rib-tank-chocolate","MERGE","Rib Tank","Draft","false",""
"8940207177959","rib-tank-oat","MERGE","Rib Tank","Draft","false",""
"8940207243495","rib-tank-olive","MERGE","Rib Tank","Draft","false",""
"8940207309031","rib-tank-sand","MERGE","Rib Tank","Draft","false",""
"8940207407335","rib-tank-earth","MERGE","Rib Tank","Draft","false",""
"8940207505639","cropped-scoop-neck-tank-earth","MERGE","Cropped Scoop Neck Tank","Draft","false",""
"8940207538407","cropped-scoop-neck-tank-chocolate","MERGE","Cropped Scoop Neck Tank","Draft","false",""
"8940207571175","cropped-scoop-neck-tank-oat","MERGE","Cropped Scoop Neck Tank","Draft","false",""
"8940207669479","cropped-scoop-neck-tank-olive","MERGE","Cropped Scoop Neck Tank","Draft","false",""
"8940207800551","cropped-scoop-neck-tank-sand","MERGE","Cropped Scoop Neck Tank","Draft","false",""
"8940201345255","straight-leg-sweatpant-heather-grey","MERGE","STRAIGHT LEG SWEATPANT","Active","true","2022-09-26 19:19:36 -0700"
"8940208095463","long-sleeve-cropped-t-shirt-olive","MERGE","Long Sleeve Cropped T-Shirt","Draft","false",""
"8940208259303","lounge-pant-chocolate","MERGE","LOUNGE PANT","Active","true","2024-11-17 09:29:35 -0800"
"8940208455911","lounge-pant-oat","MERGE","Lounge Pant","Draft","false",""
"8940208521447","lounge-pant-olive","MERGE","Lounge Pant","Draft","false",""
"8940208652519","lounge-pant-sand","MERGE","Lounge Pant","Draft","false",""
"8940208685287","lounge-boxer-short-chocolate","MERGE","Lounge Boxer Short","Draft","false",""
"8940208783591","lounge-boxer-short-oat","MERGE","Lounge Boxer Short","Draft","false",""
"8940208816359","lounge-boxer-short-olive","MERGE","Lounge Boxer Short","Draft","false",""
"8940208881895","lounge-boxer-short-sand","MERGE","Lounge Boxer Short","Draft","false",""
"8940209111271","super-cropped-rib-tank-1","MERGE","Super Cropped Rib Tank","Draft","false",""
"8940209242343","super-cropped-rib-tank-2","MERGE","Super Cropped Rib Tank","Draft","false",""
"8940209340647","super-cropped-rib-tank-3","MERGE","Super Cropped Rib Tank","Draft","false",""
"8940209602791","high-neck-fitted-tank-black","MERGE","HIGH NECK FITTED TANK","Active","true","2023-05-26 12:44:24 -0700"
"8940209733863","high-neck-fitted-tank-chocolate","MERGE","HIGH NECK FITTED TANK","Active","true","2023-10-22 08:06:01 -0700"
"8940209766631","high-neck-fitted-tank-cream","MERGE","HIGH NECK FITTED TANK","Active","true","2023-05-26 12:45:16 -0700"
"8940209864935","high-neck-fitted-tank-heather-grey","MERGE","HIGH NECK FITTED TANK","Active","true","2023-05-26 12:45:54 -0700"
"8940210061543","cropped-rib-tank-oat","MERGE","Cropped Rib Tank","Draft","false",""
"8940210127079","cropped-rib-tank-sand","MERGE","Cropped Rib Tank","Draft","false",""
"8940210225383","amelia-halter-one-piece","MERGE","Amelia Halter One Piece","Archived","false",""
"8940210389223","amelia-halter-one-piece-1","MERGE","Amelia Halter One Piece","Archived","false",""
"8940210454759","amelia-halter-one-piece-2","MERGE","Amelia Halter One Piece","Archived","false",""
"8940210684135","isla-string-bikini-top","MERGE","ISLA BIKINI TOP","Archived","false",""
"8940210749671","isla-string-bikini-top-1","MERGE","ISLA BIKINI TOP","Archived","false",""
"8940210847975","isla-string-bikini-top-2","MERGE","ISLA BIKINI TOP","Archived","false",""
"8940211011815","isla-string-bikini-brief","MERGE","ISLA BIKINI BOTTOM","Archived","false",""
"8940211044583","isla-string-bikini-brief-1","MERGE","ISLA BIKINI BOTTOM","Archived","false",""
"8940211208423","isla-string-bikini-brief-2","MERGE","ISLA BIKINI BOTTOM","Archived","false",""
"8940211339495","jolene-button-down-top","MERGE","Jolene Button Down Top","Archived","false",""
"8940211437799","jolene-button-down-top-1","MERGE","Jolene Button Down Top","Archived","false",""
"8940211536103","jolene-button-down-top-2","MERGE","Jolene Button Down Top","Archived","false",""
"8940211634407","dylan-boxer-short","MERGE","Dylan Boxer Short","Archived","false",""
"8940211765479","dylan-boxer-short-1","MERGE","Dylan Boxer Short","Archived","false",""
"8940211929319","dylan-boxer-short-2","MERGE","Dylan Boxer Short","Archived","false",""
"8940212027623","esme-mini-sarong","MERGE","Esme Mini Sarong","Archived","false",""
"8940212125927","esme-mini-sarong-1","MERGE","Esme Mini Sarong","Archived","false",""
"8940212191463","esme-mini-sarong-2","MERGE","Esme Mini Sarong","Archived","false",""
"8940212224231","bella-tank-one-piece","MERGE","Bella Tank One Piece","Archived","false",""
"8940212388071","bella-tank-one-piece-1","MERGE","Bella Tank One Piece","Archived","false",""
"8940212584679","bella-tank-one-piece-2","MERGE","Bella Tank One Piece","Archived","false",""
"8940212650215","thea-90s-bikini-top","MERGE","Thea Bikini Top","Archived","false",""
"8940212781287","thea-90s-bikini-top-1","MERGE","Thea Bikini Top Ivory","Archived","false",""
"8940228083943","halter-top-cream","MERGE","CROPPED HALTER TOP","Active","true","2024-05-10 07:42:12 -0700"
"8940228182247","sleeveless-crewneck-sweatshirt","MERGE","SLEEVELESS CREWNECK TOP","Active","true","2024-05-07 07:45:49 -0700"
"8940228346087","tube-maxi-dress","MERGE","TUBE MAXI DRESS","Active","true","2024-04-30 09:29:18 -0700"
"8940228378855","tube-maxi-dress-1","MERGE","TUBE MAXI DRESS","Active","true","2024-04-30 09:29:38 -0700"
"8940228542695","tube-maxi-dress-2","MERGE","TUBE MAXI DRESS","Draft","false",""
"8940228673767","drawstring-short-black","MERGE","DRAWSTRING SHORT","Active","true","2024-05-17 05:48:02 -0700"
"8940228804839","drawstring-short-heather-grey","MERGE","DRAWSTRING SHORT","Draft","false",""
"8940228903143","square-neck-tank","MERGE","SQUARE NECK TANK","Active","true","2024-05-17 05:49:43 -0700"
"8940229001447","square-neck-tank-1","MERGE","SQUARE NECK TANK","Active","true","2024-05-17 05:53:57 -0700"
"8940229099751","square-neck-maxi-dress-3","MERGE","Square Neck Maxi Dress","Draft","false",""
"8940229263591","square-neck-mini-dress","MERGE","Square Neck Mini Dress","Draft","false",""
"8940229361895","lounge-socks","MERGE","LOUNGE SOCK","Active","true","2024-05-05 07:41:32 -0700"
"8940229460199","lounge-socks-1","MERGE","LOUNGE SOCK","Active","true","2024-05-05 07:42:00 -0700"
"8940229558503","lounge-socks-2","MERGE","LOUNGE SOCK","Active","true","2024-05-05 07:42:21 -0700"
"8940229656807","classis-rib-socks","MERGE","CLASSIC RIBBED SOCK","Active","true","2024-05-05 07:40:42 -0700"
"8940229787879","classic-rib-socks-cream","MERGE","CLASSIC RIBBED SOCK","Active","true","2024-05-05 07:40:59 -0700"
"8940229886183","classis-rib-socks-2","MERGE","CLASSIC RIBBED SOCK","Active","true","2024-05-05 07:41:16 -0700"
"8940229951719","sleeveless-crewneck-sweatshirt-1","MERGE","SLEEVELESS CREWNECK TOP","Active","true","2024-05-07 07:46:35 -0700"
"8940230082791","sleeveless-crewneck-sweatshirt-2","MERGE","SLEEVELESS CREWNECK TOP","Active","true","2024-05-07 07:46:16 -0700"
"8940230279399","square-neck-tank-2","MERGE","SQUARE NECK TANK","Active","true","2024-05-17 06:37:42 -0700"
"8940230410471","sawyer","MERGE","SAWYER TOP","Draft","false",""
"8940230541543","sawyer-1","MERGE","SAWYER TOP","Draft","false",""
"8940230672615","stevie","MERGE","STEVIE CASHMERE  SWEATER","Draft","false",""
"8940230738151","stevie-1","MERGE","STEVIE CASHMERE SWEATER","Draft","false",""
"8940230869223","drawstring-short-cream","MERGE","DRAWSTRING SHORT","Active","true","2024-05-17 05:48:31 -0700"
"8940231033063","cropped-muscle-tank","MERGE","CROPPED MUSCLE TANK","Active","true","2024-06-14 07:49:03 -0700"
"8940231164135","cropped-muscle-tank-1","MERGE","CROPPED MUSCLE TANK","Active","true","2024-06-14 07:48:04 -0700"
"8940231295207","cropped-muscle-tank-2","MERGE","CROPPED MUSCLE TANK","Active","true","2024-06-14 07:49:33 -0700"
"8940231459047","ls-baby-tee","MERGE","Long Sleeve Baby Tee","Draft","false",""
"8940231524583","tank-jumpsuit","MERGE","TANK JUMPSUIT","Draft","false",""
"8940231655655","tank-jumpsuit-1","MERGE","TANK JUMPSUIT","Draft","false",""
"8940231819495","tank-romper-1","MERGE","TANK ROMPER","Draft","false",""
"8949241643239","rise-ai-giftcard","MERGE","DIGITAL GIFT CARD","Active","true","2024-07-08 01:18:55 -0700"
"8964805525735","test-product-1","MERGE","test product","Archived","false",""
"8975032352999","gift-card","MERGE","Backup - Digital Gift Card","Draft","false",""
"8975032385767","gift-card-1","MERGE","Gift Card","Draft","false",""
"8975042052327","poplin-lounge-pant","MERGE","Lounge Pant","Draft","false",""
"8975042117863","poplin-oversized-button-down","MERGE","Oversized Button Down","Draft","false",""
"8975042150631","classic-sweatpant-chocolate","MERGE","CLASSIC SWEATPANT","Active","true","2024-09-03 18:44:48 -0700"
"8975042216167","fitted-crewneck-short-sleeve-t-shirt","MERGE","FITTED CREWNECK SHORT SLEEVE T-SHIRT","Active","true","2024-09-08 09:36:48 -0700"
"8975042248935","fitted-crewneck-short-sleeve-t-shirt-1","MERGE","FITTED CREWNECK SHORT SLEEVE T-SHIRT","Active","true","2024-09-08 09:36:48 -0700"
"8975042347239","fitted-crewneck-short-sleeve-t-shirt-2","MERGE","FITTED CREWNECK SHORT SLEEVE T-SHIRT","Active","true","2024-09-08 09:36:48 -0700"
"8940207898855","long-sleeve-cropped-t-shirt-earth","MERGE","Long Sleeve Cropped T-shirt","Draft","false",""
"8975042412775","lounge-pant","MERGE","LOUNGE PANT","Active","true","2025-01-16 22:55:32 -0800"
"8975042543847","journey-1","MERGE","JOURNEY TOP","Active","true","2024-07-29 08:54:05 -0700"
"8975042576615","button-down","MERGE","Button Down","Draft","false",""
"8983466803431","lounge-pant-stripe","MERGE","Lounge Pant","Draft","false",""
"8983466901735","button-down-stripe","MERGE","Oversized Button Down","Draft","false",""
"8983466967271","cropped-fitted-turtleneck-top","MERGE","CROPPED FITTED TURTLENECK TOP","Active","true","2024-09-19 14:20:08 -0700"
"8983467032807","long-sleeve-fitted-top-navy","MERGE","LONG SLEEVE FITTED TOP","Active","true","2024-08-09 00:46:55 -0700"
"8983467098343","long-sleeve-crewneck-mini-dress-heather-oatmeal","MERGE","LONG SLEEVE CREWNECK MINI DRESS","Active","true","2024-09-17 07:12:32 -0700"
"8983467131111","long-sleeve-crewneck-maxi-dress-heather-oatmeal","MERGE","LONG SLEEVE CREWNECK MAXI DRESS","Active","true","2024-09-17 07:12:07 -0700"
"8983467163879","long-sleeve-turtleneck-mini-dress-heather-oatmeal","MERGE","LONG SLEEVE TURTLENECK MINI DRESS","Active","true","2024-09-19 14:21:07 -0700"
"8983467196647","long-sleeve-turtleneck-maxi-dress-heather-oatmeal","MERGE","LONG SLEEVE TURTLENECK MAXI DRESS","Active","true","2024-09-19 14:20:51 -0700"
"8983467229415","high-neck-fitted-tank-6","MERGE","HIGH NECK FITTED TANK","Active","true","2024-08-09 00:47:00 -0700"
"8983467262183","drawstring-pant-heather-oatmeal","MERGE","DRAWSTRING PANT","Active","true","2024-09-10 07:13:32 -0700"
"8983467294951","drawstring-pant","MERGE","DRAWSTRING PANT","Active","true","2024-08-09 00:47:00 -0700"
"8983467327719","drawstring-pant-1","MERGE","DRAWSTRING PANT","Active","true","2024-08-09 00:47:01 -0700"
"8983467360487","emma-skirt-heather-oatmeal","MERGE","EMMA SKIRT","Active","true","2024-09-19 14:20:28 -0700"
"8983467393255","ls-baby-tee-1","MERGE","LONG SLEEVE BABY TEE","Active","true","2024-08-09 00:47:02 -0700"
"8983467426023","short-sleeve-baby-tee-navy","MERGE","SHORT SLEEVE BABY TEE","Active","true","2024-08-09 00:47:03 -0700"
"8983467458791","thermal-drawstring-pant-ivory","MERGE","DRAWSTRING PANT","Active","true","2024-08-09 00:47:05 -0700"
"8983467491559","elton-1","MERGE","ELTON VEST","Active","true","2024-08-09 00:47:05 -0700"
"8983467524327","elton","MERGE","ELTON VEST","Active","true","2024-08-09 00:47:06 -0700"
"8983671505127","90s-brief-black","MERGE","90s BRIEF","Active","true","2024-08-09 07:40:25 -0700"
"8987014758631","etienne","MERGE","ETIENNE SWEATER","Active","true","2024-09-22 09:31:47 -0700"
"8987014824167","etienne-1","MERGE","ETIENNE SWEATER","Active","true","2024-09-22 09:31:48 -0700"
"8987014889703","etienne-2","MERGE","ETIENNE SWEATER","Active","true","2024-09-22 09:31:49 -0700"
"9001541304551","test","MERGE","Test","Active","true","2025-03-17 05:20:20 -0700"
"9003077992679","classic-sweatpant-navy","MERGE","CLASSIC SWEATPANT","Active","true","2024-09-01 14:31:13 -0700"
"9003078090983","straight-leg-sweatpant","MERGE","STRAIGHT LEG SWEATPANT","Active","true","2024-09-01 14:25:36 -0700"
"9003078123751","shrunken-raglan-sweatshirt","MERGE","SHRUNKEN RAGLAN SWEATSHIRT","Active","true","2024-09-01 14:27:36 -0700"
"9003078189287","oversized-crewneck-sweatshirt-navy","MERGE","OVERSIZED CREWNECK SWEATSHIRT","Active","true","2024-09-01 14:19:17 -0700"
"9003078222055","cropped-half-zip-sweatshirt-3","MERGE","CROPPED HALF-ZIP SWEATSHIRT","Active","true","2024-09-01 15:02:58 -0700"
"9003078254823","james-4","MERGE","JAMES SWEATER","Active","true","2024-09-01 15:06:41 -0700"
"9006836089063","highwaist-legging-black","MERGE","HIGH WAIST LEGGING","Active","true","2024-09-06 07:27:40 -0700"
"9006836154599","highwaist-legging-1","MERGE","HIGH WAIST LEGGING","Active","true","2024-09-06 07:27:41 -0700"
"9006836318439","highwaist-legging-heather-grey","MERGE","HIGH WAIST LEGGING","Active","true","2024-09-06 07:33:41 -0700"
"9006836482279","highwaist-legging-chocolate","MERGE","HIGH WAIST LEGGING","Active","true","2024-12-02 17:15:50 -0800"
"9006836777191","cropped-cardigan","MERGE","CROPPED CARDIGAN","Active","true","2024-09-06 07:26:59 -0700"
"9006836973799","cropped-cardigan-1","MERGE","CROPPED CARDIGAN","Active","true","2024-09-06 07:26:59 -0700"
"9006837006567","cropped-cardigan-heather-grey","MERGE","CROPPED CARDIGAN","Active","true","2024-09-06 07:26:59 -0700"
"9006837596391","long-sleeve-fitted-top-heather-oatmeal","MERGE","LONG SLEEVE FITTED TOP","Active","true","2024-09-10 07:14:37 -0700"
"9006837629159","long-sleeve-baby-tee-heather-oatmeal","MERGE","LONG SLEEVE BABY TEE","Active","true","2024-09-13 07:15:12 -0700"
"9006837661927","short-sleeve-baby-tee-heather-oatmeal","MERGE","SHORT SLEEVE BABY TEE","Active","true","2024-09-13 07:14:55 -0700"
"9016208851175","high-neck-fitted-tank-heather-oatmeal","MERGE","HIGH NECK FITTED TANK","Active","true","2024-09-19 14:39:07 -0700"
"9016208916711","brody-pant-black-silk","MERGE","BRODY PANT","Active","true","2024-09-20 07:23:22 -0700"
"9016208949479","brody","MERGE","BRODY PANT","Active","true","2024-10-08 06:53:33 -0700"
"9016208982247","constance-top-black-silk","MERGE","CONSTANCE TOP","Active","true","2024-09-20 07:23:05 -0700"
"9016209015015","constance","MERGE","CONSTANCE TOP","Active","true","2024-10-08 06:53:51 -0700"
"9016209277159","cropped-fitted-turtleneck-top-navy","MERGE","CROPPED FITTED TURTLENECK TOP","Active","true","2024-10-16 13:52:17 -0700"
"9016209342695","cropped-fitted-turtleneck-top-1","MERGE","CROPPED FITTED TURTLENECK TOP","Active","true","2024-09-24 07:30:27 -0700"
"9016209375463","cropped-fitted-turtleneck-top-2","MERGE","CROPPED FITTED TURTLENECK TOP","Active","true","2024-09-24 07:30:27 -0700"
"9016209506535","francis-4","MERGE","FRANCIS SWEATER","Active","true","2024-09-27 07:05:29 -0700"
"9017717227751","test-2","MERGE","Test 2","Draft","false",""
"9023728451815","classic-sweatpant-heather-oatmeal","MERGE","CLASSIC SWEATPANT","Active","true","2024-10-06 08:26:34 -0700"
"9023728615655","cropped-half-zip-sweatshirt-heather-oatmeal","MERGE","CROPPED HALF-ZIP SWEATSHIRT","Active","true","2024-10-06 08:26:59 -0700"
"9023728681191","brady-black","MERGE","BRADY SWEATER","Active","true","2024-09-28 20:48:16 -0700"
"9023728746727","theodore-4","MERGE","THEODORE CARDIGAN","Active","true","2024-10-03 21:04:09 -0700"
"9025633288423","straight-leg-sweatpant-heather-oatmeal","MERGE","STRAIGHT LEG SWEATPANT","Active","true","2024-10-10 19:26:13 -0700"
"9025633353959","shrunken-raglan-heather-oatmeal","MERGE","SHRUNKEN RAGLAN SWEATSHIRT","Active","true","2024-10-10 19:38:02 -0700"
"9025633386727","oversized-crewneck-heather-oatmeal","MERGE","OVERSIZED CREWNECK SWEATSHIRT","Active","true","2024-10-10 20:16:09 -0700"
"9025633452263","shrunken-raglan-hoodie-heather-oatmeal","MERGE","SHRUNKEN HOODIE SWEATSHIRT","Active","true","2024-10-10 19:37:42 -0700"
"9038862647527","long-sleeve-fitted-top-moss","MERGE","LONG SLEEVE FITTED TOP","Active","true","2024-11-04 14:11:52 -0800"
"9038862745831","cropped-fitted-turtleneck-top-moss","MERGE","CROPPED FITTED TURTLENECK TOP","Active","true","2024-11-04 14:10:51 -0800"
"9038862844135","long-sleeve-crewneck-mini-dress-moss","MERGE","LONG SLEEVE CREWNECK MINI DRESS","Active","true","2024-10-29 07:50:12 -0700"
"9038863007975","long-sleeve-crewneck-maxi-dress-moss","MERGE","LONG SLEEVE CREWNECK MAXI DRESS","Active","true","2024-10-29 07:49:37 -0700"
"9038863171815","long-sleeve-turtleneck-mini-dress-moss","MERGE","Long Sleeve Turtleneck Mini Dress","Archived","false",""
"9038863270119","long-sleeve-turtleneck-maxi-dress-moss","MERGE","LONG SLEEVE TURTLENECK MAXI DRESS","Active","true","2024-11-04 14:10:51 -0800"
"9038863532263","classic-sweatpant-moss","MERGE","CLASSIC SWEATPANT","Active","true","2024-11-04 14:50:05 -0800"
"9038863696103","straight-leg-sweatpant-moss","MERGE","STRAIGHT LEG SWEATPANT","Active","true","2024-11-04 14:50:06 -0800"
"9038864154855","shrunken-raglan-sweatshirt-moss","MERGE","SHRUNKEN RAGLAN SWEATSHIRT","Active","true","2024-11-04 14:50:05 -0800"
"9038864482535","oversized-crewneck-sweatshirt-moss","MERGE","OVERSIZED CREWNECK SWEATSHIRT","Active","true","2024-11-04 14:50:05 -0800"
"8940201279719","straight-leg-sweatpant-heather-brown","MERGE","Straight Leg Sweatpant","Draft","false",""
"9038864941287","emma-skirt-moss","MERGE","EMMA SKIRT","Active","true","2024-11-04 14:10:51 -0800"
"9038865039591","shrunken-hoodie-sweatshirt-moss","MERGE","Shrunken Hoodie Sweatshirt","Draft","false",""
"9038865268967","fitted-crewneck-short-sleeve-t-shirt-moss","MERGE","FITTED CREWNECK SHORT SLEEVE T-SHIRT","Active","true","2024-11-01 14:28:57 -0700"
"9038865563879","cropped-half-zip-sweatshirt-moss","MERGE","CROPPED HALF-ZIP SWEATSHIRT","Active","true","2024-11-04 14:50:05 -0800"
"9038865826023","ls-baby-tee-moss","MERGE","LONG SLEEVE BABY TEE","Active","true","2024-11-01 07:49:53 -0700"
"9038866055399","short-sleeve-baby-tee-moss","MERGE","SHORT SLEEVE BABY TEE","Active","true","2024-11-01 07:49:16 -0700"
"9038866219239","lounge-pant-moss","MERGE","LOUNGE PANT","Active","true","2024-11-01 07:50:24 -0700"
"9038866383079","emma-cashmere-skirt-moss","MERGE","EMMA SKIRT","Active","true","2024-11-03 00:59:14 -0700"
"9038866481383","brady-moss","MERGE","BRADY SWEATER","Active","true","2024-11-01 16:23:19 -0700"
"9038866579687","lenny-moss","MERGE","LENNY VEST","Active","true","2024-11-03 00:59:14 -0700"
"9038866743527","theodore-moss","MERGE","THEODORE CARDIGAN","Active","true","2024-11-01 16:23:40 -0700"
"8940212912359","thea-90s-bikini-top-2","MERGE","Thea Bikini Top Chocolate","Archived","false",""
"8940213043431","thea-90s-bikini-bottom","MERGE","Thea Bikini Bottom","Archived","false",""
"8940213141735","thea-90s-bikini-bottom-1","MERGE","Thea Bikini Bottom","Archived","false",""
"8940213272807","thea-90s-bikini-bottom-2","MERGE","Thea Bikini Bottom","Archived","false",""
"8940213371111","esme-maxi-sarong","MERGE","Esme Maxi Sarong","Archived","false",""
"8940213403879","esme-maxi-sarong-1","MERGE","Esme Maxi Sarong","Archived","false",""
"8940213502183","esme-maxi-sarong-2","MERGE","Esme Maxi Sarong","Archived","false",""
"8940213567719","willow-pant","MERGE","Willow Pant","Archived","false",""
"8940213731559","willow-pant-1","MERGE","Willow Pant","Archived","false",""
"8940213928167","willow-pant-2","MERGE","Willow Pant","Archived","false",""
"8940214059239","lennon-robe","MERGE","Lennon Robe","Archived","false",""
"8940214190311","lennon-robe-1","MERGE","Lennon Robe","Archived","false",""
"8940214288615","lennon-robe-2","MERGE","Lennon Robe","Archived","false",""
"8940214452455","georgia-maxi-dress","MERGE","Georgia Dress Cream","Draft","false",""
"8940214485223","charlie-top","MERGE","CHARLIE TOP","Active","true","2023-06-06 06:28:01 -0700"
"8940214616295","sloane-dress","MERGE","Sloane Dress","Draft","false",""
"8940214747367","romee-top","MERGE","Romee Top","Draft","false",""
"8940214976743","chloe-top","MERGE","Chloé Top","Draft","false",""
"8940215206119","simone-top","MERGE","Simone Top","Draft","false",""
"8940215304423","emma-skirt","MERGE","Emma Skirt","Draft","false",""
"8940215402727","tank-dress-mini-chocolate","MERGE","Tank Mini Dress","Draft","false",""
"8940215599335","terry-raglan-cutoff-top","MERGE","TERRY RAGLAN CUTOFF TOP","Draft","false",""
"8940215697639","terry-raglan-cutoff-top-1","MERGE","TERRY RAGLAN CUTOFF TOP CREAM","Draft","false",""
"8940215861479","terry-boyfriend-short","MERGE","TERRY BOYFRIEND SHORT","Draft","false",""
"8940215927015","terry-boyfriend-short-1","MERGE","TERRY BOYFRIEND SHORT","Draft","false",""
"8940216058087","ines","MERGE","Ines Racerback Tank","Draft","false",""
"8940216123623","poppy","MERGE","Poppy Cardigan Millet","Draft","false",""
"8940216254695","cheyenne","MERGE","Cheyenn Cropped Sweater","Draft","false",""
"8940216352999","emma-skirt-1","MERGE","Emma Skirt","Draft","false",""
"8940216451303","james-sweater-millet","MERGE","JAMES SWEATER","Active","true","2023-09-26 07:20:39 -0700"
"8940216582375","francis-top","MERGE","FRANCIS SWEATER","Active","true","2023-09-19 07:13:57 -0700"
"8940216713447","ines-1","MERGE","Ines Racerback Tank","Draft","false",""
"8940216844519","ines-2","MERGE","Ines Racerback Top","Draft","false",""
"8940217008359","blaise","MERGE","BLAISE","Draft","false",""
"8940217073895","blaise-1","MERGE","BLAISE","Draft","false",""
"8940217172199","blaise-2","MERGE","BLAISE","Draft","false",""
"8940217204967","jamie","MERGE","JAMIE","Draft","false",""
"8940217303271","jamie-1","MERGE","JAMIE","Draft","false",""
"8940217368807","jamie-2","MERGE","JAMIE","Draft","false",""
"8940217434343","poppy-1","MERGE","Poppy Cardigan Black","Draft","false",""
"8940217499879","poppy-2","MERGE","Poppy Cardigan Cream","Draft","false",""
"8940217532647","cheyenne-1","MERGE","Cheyenn Cropped Sweater","Draft","false",""
"8940217630951","cheyenne-2","MERGE","Cheyenne Boat Neck Sweater","Draft","false",""
"8940217663719","emma-skirt-2","MERGE","EMMA SKIRT","Active","true","2023-08-25 07:56:34 -0700"
"8940217729255","emma-skirt-3","MERGE","Emma Skirt","Draft","false",""
"8940217762023","emma-skirt-4","MERGE","EMMA SKIRT","Active","true","2023-10-24 07:20:00 -0700"
"8940217958631","ls-baby-tee-black","MERGE","LONG SLEEVE BABY TEE","Active","true","2025-02-18 17:26:09 -0800"
"8940218089703","ls-baby-tee-ivory","MERGE","LONG SLEEVE BABY TEE","Active","true","2023-09-22 06:54:53 -0700"
"8940218253543","ls-baby-tee-heather-grey","MERGE","LONG SLEEVE BABY TEE","Active","true","2023-09-22 06:54:11 -0700"
"8940218351847","long-sleeve-turtleneck-dress-maxi-chocolate","MERGE","LONG SLEEVE TURTLENECK MAXI DRESS","Active","true","2023-10-13 07:24:02 -0700"
"8940218482919","ls-raglan-sweatshirt","MERGE","Long Sleeve Raglan Sweatshirt","Draft","false",""
"8940218581223","ls-raglan-sweatshirt-1","MERGE","Long Sleeve Raglan Sweatshirt","Draft","false",""
"8940218712295","ls-raglan-sweatshirt-2","MERGE","Long Sleeve Raglan Sweatshirt","Draft","false",""
"8940218876135","high-rise-legging","MERGE","HIGH RISE LEGGING","Active","true","2023-10-20 06:38:31 -0700"
"8940218941671","boy-short","MERGE","HIGH WAISTED BOY SHORT","Active","true","2023-10-20 06:37:16 -0700"
"8940219072743","sports-bra","MERGE","SPORTS BRA","Active","true","2023-10-20 06:36:11 -0700"
"8940219203815","square-neck-maxi-dress","MERGE","Square Neck Maxi Dress","Draft","false",""
"8940219334887","square-neck-maxi-dress-1","MERGE","Square Neck Maxi Dress","Draft","false",""
"8940219433191","square-neck-maxi-dress-2","MERGE","Square Neck Maxi Dress","Draft","false",""
"8940219531495","square-neck-mini-dress-black","MERGE","Square Neck Mini Dress","Draft","false",""
"8940219695335","square-neck-mini-dress-cream","MERGE","Square Neck Mini Dress","Draft","false",""
"8940219859175","square-neck-mini-dress-2","MERGE","Square Neck Mini Dress","Draft","false",""
"8940220023015","henley-onesie","MERGE","Henley Onesie","Draft","false",""
"8940220252391","ls-raglan-sweatshirt-3","MERGE","Long Sleeve Raglan Sweatshirt","Draft","false",""
"8940220448999","cropped-half-zip-sweatshirt","MERGE","CROPPED HALF-ZIP SWEATSHIRT","Active","true","2023-11-07 07:11:32 -0800"
"8940220580071","cropped-half-zip-sweatshirt-1","MERGE","CROPPED HALF-ZIP SWEATSHIRT","Active","true","2023-11-07 07:10:30 -0800"
"8940220743911","cropped-half-zip-sweatshirt-2","MERGE","CROPPED HALF-ZIP SWEATSHIRT","Active","true","2023-12-01 06:47:15 -0800"
"8940220842215","emma-skirt-6","MERGE","EMMA SKIRT","Active","true","2025-03-20 12:19:09 -0700"
"8940220973287","brady-chocolate","MERGE","BRADY SWEATER","Active","true","2023-11-14 07:19:24 -0800"
"8940221104359","brady-1","MERGE","BRADY SWEATER","Active","true","2023-11-14 07:19:56 -0800"
"8940221235431","willa","MERGE","WILLA CASHMERE BRA","Draft","false",""
"8940221399271","willa-1","MERGE","WILLA CASHMERE BRA","Draft","false",""
"8940221497575","willa-2","MERGE","WILLA CASHMERE BRA","Draft","false",""
"8940221661415","lenny","MERGE","LENNY VEST","Active","true","2023-10-30 07:25:29 -0700"
"8940221792487","lenny-1","MERGE","LENNY VEST","Active","true","2023-10-30 07:26:05 -0700"
"8940221858023","james-sweater-oatmeal","MERGE","JAMES SWEATER","Active","true","2023-11-09 05:57:54 -0800"
"8940221956327","francis-top-1","MERGE","FRANCIS SWEATER","Active","true","2023-10-27 06:53:45 -0700"
"8940222054631","terry-boyfriend-short-2","MERGE","TERRY BOYFRIEND SHORT","Draft","false",""
"9038864711911","high-neck-fitted-tank-moss","MERGE","HIGH NECK FITTED TANK","Active","true","2024-11-04 14:10:51 -0800"
"8940222513383","straight-leg-sweatpant-clay","MERGE","Straight Leg Sweatpant","Draft","false",""
"8940222677223","shrunken-raglan-sweatshirt-clay","MERGE","SHRUNKEN RAGLAN SWEATSHIRT","Active","true","2025-06-06 16:00:36 -0700"
"8940222841063","oversized-crewneck-sweatshirt-clay","MERGE","Oversized Crewneck Sweatshirt","Draft","false",""
"8940223004903","terry-raglan-cutoff-top-2","MERGE","TERRY RAGLAN CUTOFF TOP","Draft","false",""
"8940223103207","terry-boyfriend-short-3","MERGE","TERRY BOYFRIEND SHORT","Draft","false",""
"8940223135975","ls-raglan-sweatshirt-4","MERGE","Long Sleeve Raglan Sweatshirt","Draft","false",""
"8940223299815","oversized-polo-sweatshirt","MERGE","Oversized Polo Sweatshirt","Draft","false",""
"8940223430887","oversized-polo-sweatshirt-1","MERGE","Oversized Polo Sweatshirt","Draft","false",""
"8940223496423","luna","MERGE","Luna Cashmere Skirt","Draft","false",""
"8940223594727","luna-1","MERGE","Luna Cashmere Skirt","Draft","false",""
"8940223660263","paige","MERGE","Paige Cashmere Vest","Draft","false",""
"8940223758567","paige-1","MERGE","Paige Cashmere Vest","Draft","false",""
"8940223889639","clive","MERGE","CLIVE V-NECK SWEATER","Active","true","2024-01-26 07:22:26 -0800"
"8940223987943","clive-1","MERGE","CLIVE V-NECK SWEATER","Active","true","2024-01-26 07:23:25 -0800"
"8940224020711","long-sleeve-fitted-top-clay","MERGE","Long Sleeve Fitted Top","Draft","false",""
"8940224184551","tank-maxi-dress","MERGE","Tank Maxi Dress","Draft","false",""
"8940224282855","long-sleeve-crewneck-mini-dress","MERGE","Long Sleeve Crewneck Mini Dress","Draft","false",""
"8940224381159","long-sleeve-crewneck-maxi-dress","MERGE","Long Sleeve Crewneck Maxi Dress","Draft","false",""
"8940224479463","high-neck-fitted-tank-4","MERGE","High Neck Fitted Tank","Draft","false",""
"8940224577767","emma-skirt-black","MERGE","EMMA SKIRT","Active","true","2024-02-02 07:32:58 -0800"
"8940224708839","emma-skirt-7","MERGE","EMMA SKIRT","Active","true","2024-02-02 07:33:24 -0800"
"8940224839911","emma-skirt-8","MERGE","Emma Skirt","Draft","false",""
"8940225003751","high-rise-legging-1","MERGE","HIGH RISE LEGGING","Active","true","2024-02-13 07:30:04 -0800"
"8940225167591","boy-short-1","MERGE","HIGH WAISTED BOY SHORT","Active","true","2024-02-13 07:30:16 -0800"
"8940225429735","sports-bra-1","MERGE","SPORTS BRA","Active","true","2024-02-13 07:30:27 -0800"
"8940225593575","short-sleeve-baby-tee-clay","MERGE","Short Sleeve Baby Tee","Draft","false",""
"8940225659111","lounge-pant-clay","MERGE","Lounge Pant","Draft","false",""
"8940225757415","shrunken-hoodie-sweatshirt","MERGE","SHRUNKEN HOODIE SWEATSHIRT","Active","true","2024-02-23 07:01:57 -0800"
"8940225888487","shrunken-hoodie-sweatshirt-1","MERGE","SHRUNKEN HOODIE SWEATSHIRT","Active","true","2024-02-23 07:02:51 -0800"
"8940226052327","shrunken-hoodie-sweatshirt-2","MERGE","SHRUNKEN HOODIE SWEATSHIRT","Active","true","2024-02-23 07:00:14 -0800"
"8940226183399","terry-boyfriend-short-4","MERGE","TERRY BOYFRIEND SHORT","Draft","false",""
"8940226314471","fitted-tank","MERGE","FITTED TANK","Active","true","2024-03-29 07:12:36 -0700"
"8940226478311","fitted-tank-1","MERGE","FITTED TANK","Active","true","2024-03-29 07:13:38 -0700"
"8940226576615","fitted-tank-2","MERGE","FITTED TANK","Active","true","2024-03-29 07:13:00 -0700"
"8940226707687","loose-tank","MERGE","Loose Tank","Draft","false",""
"8940226773223","loose-tank-1","MERGE","Loose Tank","Draft","false",""
"8940226871527","loose-tank-2","MERGE","Loose Tank","Draft","false",""
"8940226969831","loose-tank-3","MERGE","Loose Tank","Draft","false",""
"8940227068135","halter-mini-dress","MERGE","Halter Mini Dress","Draft","false",""
"8940227231975","halter-mini-dress-1","MERGE","Halter Mini Dress","Draft","false",""
"8940227297511","halter-maxi-dress-black","MERGE","HALTER MAXI DRESS","Active","true","2024-03-15 09:41:35 -0700"
"8940227395815","halter-maxi-dress-cream","MERGE","HALTER MAXI DRESS","Active","true","2024-03-15 09:41:39 -0700"
"8940227526887","90s-tank-black","MERGE","90s TANK","Active","true","2024-04-26 07:57:16 -0700"
"8940227657959","90s-tank-cream","MERGE","90s TANK","Active","true","2024-04-26 07:57:49 -0700"
"8940227821799","high-neck-fitted-tank-5","MERGE","High Neck Fitted Tank","Draft","false",""
"8940227985639","halter-top-black","MERGE","CROPPED HALTER TOP","Active","true","2024-05-10 07:41:37 -0700"
"8940186403047","cropped-rib-tank-ivory","MERGE","CROPPED RIB TANK","Active","true","2020-03-09 15:03:45 -0700"
"8940186566887","cropped-rib-tank-heather-grey","MERGE","CROPPED RIB TANK","Active","true","2020-03-09 15:03:58 -0700"
"8940186730727","long-sleeve-boyfriend-tee-ivory","MERGE","LONG SLEEVE BOYFRIEND T-SHIRT","Active","true","2023-08-29 07:48:55 -0700"
"8940186829031","long-sleeve-boyfriend-tee-heather-grey","MERGE","LONG SLEEVE BOYFRIEND T-SHIRT","Active","true","2020-03-09 15:06:12 -0700"
"8940186960103","long-sleeve-thermal-ivory","MERGE","LONG SLEEVE THERMAL","Active","true","2020-03-09 15:12:47 -0700"
"8940187025639","cropped-long-sleeve-thermal-ivory","MERGE","Cropped Long Sleeve Thermal","Draft","false",""
"8940187123943","the-rib-tank-black","MERGE","RIB TANK","Active","true","2020-03-11 13:50:41 -0700"
"8940187287783","the-rib-tank-heather-grey","MERGE","RIB TANK","Active","true","2020-03-11 14:05:20 -0700"
"8940187484391","short-sleeve-baby-ivory","MERGE","SHORT SLEEVE BABY TEE","Active","true","2024-08-16 13:59:47 -0700"
"8940187615463","the-short-sleeve-boyfriend-tee-ivory","MERGE","Short Sleeve Boyfriend T-Shirt","Active","true","2020-03-11 14:26:28 -0700"
"8940187713767","the-short-sleeve-boyfriend-tee-g","MERGE","Short Sleeve Boyfriend T-Shirt","Active","true","2020-03-11 14:27:47 -0700"
"8940187877607","short-biker","MERGE","Short Biker","Draft","false",""
"8940187975911","long-biker","MERGE","Long Biker","Draft","false",""
"8940188041447","bandeau-bra","MERGE","Bandeau Bra","Draft","false",""
"8940188205287","scoop-neck-bra-ivory","MERGE","SCOOP NECK BRA","Active","true","2020-11-16 08:00:04 -0800"
"8940188369127","scoop-neck-bra-black","MERGE","SCOOP NECK BRA","Active","true","2020-11-16 08:00:04 -0800"
"8940188500199","triangle-bra-ivory","MERGE","TRIANGLE BRA","Active","true","2020-11-16 08:00:05 -0800"
"8940188598503","triangle-bra-black","MERGE","TRIANGLE BRA","Active","true","2020-11-16 08:00:05 -0800"
"8940188664039","90s-brief-ivory","MERGE","90s BRIEF","Active","true","2020-11-16 08:00:03 -0800"
"8940188729575","high-rise-brief-black","MERGE","HIGH RISE BRIEF","Active","true","2020-11-16 08:00:02 -0800"
"8940188795111","high-rise-brief-ivory","MERGE","HIGH RISE BRIEF","Active","true","2020-11-16 08:00:02 -0800"
"8940188893415","low-rise-thong-black","MERGE","LOW RISE THONG","Active","true","2020-11-16 08:00:04 -0800"
"8940188991719","low-rise-thong-ivory","MERGE","LOW RISE THONG","Active","true","2020-11-16 08:00:03 -0800"
"8940189090023","high-rise-thong-ivory","MERGE","HIGH RISE THONG","Active","true","2020-11-16 08:00:01 -0800"
"8940189221095","high-rise-thong-black","MERGE","HIGH RISE THONG","Active","true","2020-11-16 08:00:02 -0800"
"8940189352167","eterne-mask","MERGE","Éterne Mask","Draft","false",""
"8940189614311","turtleneck-bodysuit","MERGE","Sleeveless Turtleneck Bodysuit","Draft","false",""
"8940189745383","halter-bodysuit-ivory","MERGE","Halter Bodysuit","Draft","false",""
"8940189810919","halter-bodysuit-black","MERGE","Halter Bodysuit","Draft","false",""
"8940189909223","long-sleeve-bodysuit-ivory","MERGE","LONG SLEEVE DEEP V BODYSUIT","Active","true","2021-01-11 12:20:23 -0800"
"8940189974759","long-sleeve-bodysuit-black","MERGE","LONG SLEEVE DEEP V BODYSUIT","Active","true","2021-01-11 12:20:24 -0800"
"8940190138599","tank-bodysuit-black","MERGE","TANK BODYSUIT","Active","true","2021-01-14 19:13:02 -0800"
"8940190204135","cropped-ribbed-turtleneck-ivory","MERGE","Cropped Rib Turtleneck","Draft","false",""
"8940190302439","cropped-ribbed-turtleneck-black","MERGE","Cropped Rib Turtleneck","Draft","false",""
"8940190367975","ribbed-racerback-tank-ivory","MERGE","Rib Racerback Tank","Draft","false",""
"8975042380007","journey","MERGE","JOURNEY TOP","Active","true","2024-07-29 08:54:02 -0700"
"8940190662887","ribbed-racerback-tank-heather-grey","MERGE","Rib Racerback Tank Heather Grey","Draft","false",""
"8940190728423","cropped-rib-racerback-tank-ivory","MERGE","Cropped Rib Racerback Tank","Draft","false",""
"8940190892263","cropped-ribbed-racerback-tank-black","MERGE","Cropped Rib Racerback Tank","Draft","false",""
"8940190990567","cropped-ribbed-racerback-tank-heather-grey","MERGE","Cropped Rib Racerback Tank","Draft","false",""
"8940191187175","long-sleeve-hoodie-t-shirt-ivory","MERGE","Long Sleeve Hoodie T-Shirt","Draft","false",""
"8940191285479","long-sleeve-hoodie-t-shirt-black","MERGE","Long Sleeve Hoodie T-Shirt","Draft","false",""
"8940191449319","long-sleeve-hoodie-t-shirt-heather-grey","MERGE","Long Sleeve Hoodie T-Shirt","Draft","false",""
"8940191547623","long-sleeve-cropped-hoodie-t-shirt-ivory","MERGE","Long Sleeve Cropped Hoodie T-Shirt","Draft","false",""
"8940191875303","long-sleeve-cropped-hoodie-t-shirt-black","MERGE","Long Sleeve Cropped Hoodie T-Shirt","Draft","false",""
"8940191940839","long-sleeve-cropped-hoodie-t-shirt-heather-grey","MERGE","Long Sleeve Cropped Hoodie T-Shirt","Draft","false",""
"8940192039143","boyfriend-pocket-t-shirt-ivory","MERGE","Boyfriend Pocket T-Shirt","Draft","false",""
"8940192071911","boyfriend-pocket-t-shirt-black","MERGE","Boyfriend Pocket T-Shirt","Draft","false",""
"8940192235751","boyfriend-pocket-t-shirt-heather-grey","MERGE","Boyfriend Pocket T-Shirt","Draft","false",""
"8940192301287","lounge-pant-ivory","MERGE","LOUNGE PANT","Active","true","2021-04-26 09:48:21 -0700"
"8940192399591","lounge-pant-black","MERGE","LOUNGE PANT","Active","true","2021-04-26 09:48:22 -0700"
"8940192432359","lounge-pant-heather-grey","MERGE","LOUNGE PANT","Active","true","2025-01-16 03:02:45 -0800"
"8940192563431","lounge-boxer-short-ivory","MERGE","Lounge Boxer Short","Draft","false",""
"8940192727271","lounge-boxer-short-black","MERGE","Lounge Boxer Short","Draft","false",""
"8940192825575","lounge-boxer-short-heather-grey","MERGE","Lounge Boxer Short","Draft","false",""
"8940192891111","oversized-thermal-ivory","MERGE","Oversized Thermal","Draft","false",""
"8940193022183","oversized-thermal-black","MERGE","Oversized Thermal","Draft","false",""
"8940193153255","oversized-thermal-heather-grey","MERGE","Oversized Thermal","Draft","false",""
"8940193251559","cropped-oversized-thermal-ivory","MERGE","Cropped Oversized Thermal","Draft","false",""
"8940193382631","cropped-oversized-thermal-black","MERGE","Cropped Oversized Thermal","Draft","false",""
"8940193579239","cropped-oversized-thermal-heather-grey","MERGE","Cropped Oversized Thermal","Draft","false",""
"8940193710311","thermal-biker-short-black","MERGE","Thermal Biker Short","Draft","false",""
"8940193808615","thermal-biker-short-heather-grey","MERGE","Thermal Biker Short","Draft","false",""
"8940193874151","thermal-romper","MERGE","Thermal Romper","Draft","false",""
"8940193939687","thermal-lounge-pant-ivory","MERGE","Lounge Pant","Draft","false",""
"8940194037991","thermal-lounge-pant-black","MERGE","Lounge Pant","Draft","false",""
"8940194103527","thermal-lounge-pant-heather-grey","MERGE","Lounge Pant","Draft","false",""
"8940194169063","cropped-v-neck-t-shirt-black","MERGE","Cropped V-Neck T-Shirt","Draft","false",""
"8940194300135","cropped-v-neck-t-shirt-ivory","MERGE","Cropped V-Neck T-Shirt","Draft","false",""
"8940194365671","v-neck-t-shirt-ivory","MERGE","V-NECK T-SHIRT","Active","true","2021-09-09 14:56:56 -0700"
"8940194595047","v-neck-t-shirt-black","MERGE","V-NECK T-SHIRT","Active","true","2021-09-09 14:56:55 -0700"
"8940194693351","long-sleeve-cropped-t-shirt-black","MERGE","Long Sleeve Cropped T-Shirt","Draft","false",""
"8940194857191","long-sleeve-cropped-t-shirt-heather-grey","MERGE","Long Sleeve Cropped T-Shirt","Draft","false",""
"8940194922727","long-sleeve-cropped-t-shirt-ivory","MERGE","Long Sleeve Cropped T-Shirt","Draft","false",""
"8940194988263","long-sleeve-cropped-rib-t-shirt-ivory","MERGE","Long Sleeve Cropped Rib T-Shirt","Draft","false",""
"8940195184871","long-sleeve-cropped-rib-t-shirt-black","MERGE","Long Sleeve Cropped Rib T-Shirt","Draft","false",""
"8940195283175","long-sleeve-cropped-rib-t-shirt-heather-grey","MERGE","Long Sleeve Cropped Rib T-Shirt","Draft","false",""
"8940195381479","short-sleeve-baby-tee-heather-grey","MERGE","SHORT SLEEVE BABY TEE","Active","true","2021-12-23 13:47:40 -0800"
"8940195545319","cropped-v-neck-t-shirt-heather-grey","MERGE","Cropped V-Neck T-Shirt","Draft","false",""
"8940195741927","v-neck-t-shirt-heather-grey","MERGE","V-Neck T-Shirt","Draft","false",""
"8940195905767","cropped-long-sleeve-thermal-grey","MERGE","Cropped Long Sleeve Thermal","Draft","false",""
"8940195971303","long-sleeve-thermal-grey","MERGE","LONG SLEEVE THERMAL","Active","true","2023-02-16 09:06:34 -0800"
"8940196036839","thermal-drawstring-pant-black","MERGE","DRAWSTRING PANT","Active","true","2022-04-11 15:28:25 -0700"
"8940196167911","thermal-drawstring-pant-heather-grey","MERGE","DRAWSTRING PANT","Active","true","2022-04-18 14:07:00 -0700"
"8940196233447","cropped-thermal-henley-black","MERGE","Cropped Thermal Henley","Draft","false",""
"8940196298983","cropped-thermal-henley-heather-grey","MERGE","Cropped Thermal Henley","Draft","false",""
"8940196397287","cropped-scoop-neck-tank-ivory","MERGE","CROPPED SCOOP NECK TANK","Active","true","2022-04-21 12:43:02 -0700"
"8940196561127","cropped-scoop-neck-tank-black","MERGE","CROPPED SCOOP NECK TANK","Active","true","2022-04-21 12:42:24 -0700"
"8940196757735","cropped-scoop-neck-tank-heather-grey","MERGE","CROPPED SCOOP NECK TANK","Draft","false",""
"8940196954343","thermal-henley-black","MERGE","Thermal Henley","Draft","false",""
"8940197118183","thermal-henley-heather-grey","MERGE","Thermal Henley","Draft","false",""
"8940197216487","tank-dress-mini-heather-grey","MERGE","Tank Mini Dress","Draft","false",""
"8940197380327","tank-dress-mini-cream","MERGE","TANK MINI DRESS","Active","true","2022-06-01 12:25:48 -0700"
"8940197576935","tank-dress-mini-black","MERGE","TANK MINI DRESS","Active","true","2022-06-23 10:51:48 -0700"
"8940197675239","long-sleeve-crewneck-dress-mini-black","MERGE","LONG SLEEVE CREWNECK MINI DRESS","Active","true","2022-06-23 10:51:20 -0700"
"8940197839079","long-sleeve-crewneck-dress-mini-cream","MERGE","LONG SLEEVE CREWNECK MINI DRESS","Active","true","2022-06-01 12:30:25 -0700"
"8940197871847","long-sleeve-crewneck-dress-mini-heather-grey","MERGE","Long Sleeve Crewneck Mini Dress","Draft","false",""
"8940197970151","super-cropped-rib-tank-black","MERGE","Super Cropped Rib Tank","Draft","false",""
"8940190499047","ribbed-racerback-tank-black","MERGE","Rib Racerback Tank Black","Draft","false",""
"8940198101223","super-cropped-rib-tank-heather-grey","MERGE","Super Cropped Rib Tank","Draft","false",""
"8940201083111","straight-leg-sweatpant-black","MERGE","STRAIGHT LEG SWEATPANT","Active","true","2022-09-06 15:49:56 -0700"
"8940222447847","classic-sweatpant-clay","MERGE","CLASSIC SWEATPANT","Active","true","2025-06-06 16:00:35 -0700"
"8940198363367","long-sleeve-fitted-top-black","MERGE","LONG SLEEVE FITTED TOP","Active","true","2022-08-22 14:02:46 -0700"
"8940198756583","cropped-long-sleeve-fitted-top-black","MERGE","Cropped Long Sleeve Fitted Top","Draft","false",""
"8940198822119","cropped-long-sleeve-fitted-top-cream","MERGE","Cropped Long Sleeve Fitted Top","Draft","false",""
"8940199084263","cropped-long-sleeve-fitted-top-heather-grey","MERGE","Cropped Long Sleeve Fitted Top","Draft","false",""
"8940199248103","cropped-fitted-turtleneck-top-black","MERGE","CROPPED FITTED TURTLENECK TOP","Active","true","2022-09-12 11:23:05 -0700"
"8940199313639","cropped-fitted-turtleneck-top-cream","MERGE","CROPPED FITTED TURTLENECK TOP","Active","true","2022-09-12 11:21:45 -0700"
"8940199444711","cropped-fitted-turtleneck-top-heather-grey","MERGE","Cropped Fitted Turtleneck Top","Draft","false",""
"8940199543015","thin-strap-fitted-tank-black","MERGE","Thin Strap Fitted Tank","Draft","false",""
"8940199608551","thin-strap-fitted-tank-cream","MERGE","Thin Strap Fitted Tank","Draft","false",""
"8940198199527","super-cropped-rib-tank-ivory","MERGE","Super Cropped Rib Tank","Draft","false",""
"8940199772391","cropped-thin-strap-fitted-tank-black","MERGE","Cropped Thin Strap Fitted Tank","Draft","false",""
"8940199837927","cropped-thin-strap-fitted-tank-cream","MERGE","Cropped Thin Strap Fitted Tank","Draft","false",""
"8940200034535","cropped-thin-strap-fitted-tank-heather-grey","MERGE","Cropped Thin Strap Fitted Tank","Draft","false",""
"8940200067303","tank-dress-maxi-black","MERGE","TANK MAXI DRESS","Active","true","2022-06-10 09:15:27 -0700"
"8940200165607","tank-dress-maxi-cream","MERGE","TANK MAXI DRESS","Active","true","2022-06-10 09:09:59 -0700"
"8940200296679","tank-dress-maxi-heather-grey","MERGE","Tank Maxi Dress","Draft","false",""
"8940200329447","long-sleeve-crewneck-dress-maxi-black","MERGE","LONG SLEEVE CREWNECK MAXI DRESS","Active","true","2022-08-09 13:50:15 -0700"
"8940200394983","long-sleeve-crewneck-dress-maxi-cream","MERGE","LONG SLEEVE CREWNECK MAXI DRESS","Active","true","2022-08-09 14:09:38 -0700"
"8940200427751","long-sleeve-crewneck-dress-maxi-heather-grey","MERGE","Long Sleeve Crewneck Maxi Dress","Draft","false",""
"8940200526055","long-sleeve-turtleneck-dress-mini-black-black","MERGE","LONG SLEEVE TURTLENECK MINI DRESS","Active","true","2022-06-23 10:51:30 -0700"
"8940200558823","long-sleeve-turtleneck-dress-mini-cream","MERGE","LONG SLEEVE TURTLENECK MINI DRESS","Active","true","2022-06-01 12:25:55 -0700"
"8940200591591","long-sleeve-turtleneck-dress-mini-heather-grey","MERGE","Long Sleeve Turtleneck Mini Dress","Draft","false",""
"8940200657127","long-sleeve-turtleneck-dress-maxi-black","MERGE","LONG SLEEVE TURTLENECK MAXI DRESS","Active","true","2022-08-30 11:55:38 -0700"
"9152094896359","kaia-top-dusty-pink","MERGE","KAIA TOP","Active","true","2025-05-19 15:26:20 -0700"
"9152095256807","grace-one-piece-dusty-pink","MERGE","GRACE ONE PIECE","Active","true","2025-05-19 15:11:55 -0700"
"9152095289575","kaia-one-piece-dusty-pink","MERGE","KAIA ONE PIECE","Active","true","2025-05-19 15:59:26 -0700"
"9152095387879","kaia-bottom-dusty-pink","MERGE","KAIA BOTTOM","Active","true","2025-05-19 15:26:20 -0700"
"9152098107623","long-sleeve-fitted-top-dusty-blue","MERGE","LONG SLEEVE FITTED TOP","Active","true","2025-05-02 14:24:26 -0700"
"9152098173159","tank-maxi-dress-dusty-blue","MERGE","TANK MAXI DRESS","Active","true","2025-05-02 14:24:27 -0700"
"9152098304231","shrunken-raglan-sweatshirt-dusty-blue","MERGE","SHRUNKEN RAGLAN SWEATSHIRT","Active","true","2025-05-26 08:48:46 -0700"
"9152098402535","high-neck-fitted-tank-dusty-blue","MERGE","HIGH NECK FITTED TANK","Active","true","2025-05-02 14:24:29 -0700"
"9152098435303","drawstring-wide-leg-sweatpant-dusty-blue","MERGE","DRAWSTRING WIDE LEG SWEATPANT","Active","true","2025-06-02 15:14:03 -0700"
"9152098566375","mini-track-short-dusty-blue","MERGE","MINI TRACK SHORT","Active","false",""
"9152098631911","boyfriend-pocket-sweatpant-bone-2","MERGE","BOYFRIEND POCKET SWEATPANT","Active","true","2025-05-26 08:36:59 -0700"
"9152098697447","emma-skirt-dusty-blue","MERGE","EMMA SKIRT","Active","true","2025-05-02 14:24:28 -0700"
"9152098762983","90s-tank-dusty-blue","MERGE","90s TANK","Active","true","2025-05-02 14:24:35 -0700"
"9152098861287","fitted-crewneck-short-sleeve-t-shirt-dusty-blue","MERGE","FITTED CREWNECK SHORT SLEEVE T-SHIRT","Active","true","2025-05-02 14:24:34 -0700"
"9152098959591","short-sleeve-raglan-sweatshirt-db","MERGE","SHORT SLEEVE RAGLAN SWEATSHIRT","Active","true","2025-05-26 08:39:31 -0700"
"9152099057895","oversized-raglan-sweatshirt-bone-2","MERGE","OVERSIZED RAGLAN SWEATSHIRT","Active","true","2025-05-26 08:48:44 -0700"
"9152099123431","tube-maxi-dress-dusty-blue","MERGE","TUBE MAXI DRESS","Active","true","2025-05-02 14:24:35 -0700"
"9152099221735","carrie-dress-dusty-blue","MERGE","CARRIE DRESS","Active","true","2025-05-02 14:24:35 -0700"
"9152099287271","boy-short-dusty-blue","MERGE","HIGH WAISTED BOY SHORT","Active","true","2025-05-02 14:24:37 -0700"
"9152099418343","short-sleeve-baby-tee-dusty-blue","MERGE","SHORT SLEEVE BABY TEE","Active","true","2025-05-02 14:24:38 -0700"
"9152099483879","rib-tank-dusty-blue","MERGE","RIB TANK","Active","true","2025-05-02 14:24:39 -0700"
"9152099582183","lounge-pant-dusty-blue","MERGE","LOUNGE PANT","Active","true","2025-05-02 14:24:39 -0700"
"9152099680487","brody-pant-dusty-blue-silk-1","MERGE","BRODY PANT","Active","true","2025-05-19 14:20:36 -0700"
"9152099746023","camila-midi-skirt-dusty-blue","MERGE","CAMILA MIDI SKIRT","Active","true","2025-05-19 14:20:36 -0700"
"9152099811559","mila-camisole-dusty-blue","MERGE","MILA CAMISOLE","Active","true","2025-05-19 14:20:36 -0700"
"9152099877095","isla-top-dusty-blue","MERGE","ISLA TOP","Active","true","2025-05-19 14:53:14 -0700"
"9152099942631","isla-bottom-dusty-blue","MERGE","ISLA BOTTOM","Active","true","2025-05-19 14:53:14 -0700"
"9152100073703","thea-top-dusty-blue","MERGE","THEA TOP","Active","true","2025-06-03 15:11:12 -0700"
"9152100139239","thea-bottom-dusty-blue","MERGE","THEA BOTTOM","Active","true","2025-06-03 15:11:12 -0700"
"9152100172007","constance-top-dusty-blue","MERGE","CONSTANCE TOP","Active","true","2025-05-26 08:14:39 -0700"
"9152100270311","jude-short-dusty-blue","MERGE","JUDE SHORT","Active","true","2025-05-26 08:28:37 -0700"
"9152100335847","brody-pant-dusty-blue-cg","MERGE","BRODY PANT","Active","true","2025-05-26 08:19:23 -0700"
"9152100696295","grace-one-piece-dusty-blue","MERGE","GRACE ONE PIECE","Active","true","2025-05-19 15:11:55 -0700"
"9152100794599","kaia-one-piece-dusty-blue","MERGE","KAIA ONE PIECE","Active","true","2025-05-19 15:59:26 -0700"
"9152102367463","long-sleeve-fitted-top-taupe","MERGE","LONG SLEEVE FITTED TOP","Active","true","2025-06-02 15:17:39 -0700"
"9152102498535","tank-maxi-dress-taupe","MERGE","TANK MAXI DRESS","Active","true","2025-06-02 15:17:40 -0700"
"9152102564071","long-sleeve-crewneck-mini-dress-taupe","MERGE","LONG SLEEVE CREWNECK MINI DRESS","Active","false",""
"9152102629607","long-sleeve-crewneck-maxi-dress-taupe","MERGE","LONG SLEEVE CREWNECK MAXI DRESS","Active","false",""
"9152102727911","classic-sweatpant-black-1","MERGE","CLASSIC SWEATPANT","Active","false",""
"9152102760679","straight-leg-sweatpant-black-1","MERGE","STRAIGHT LEG SWEATPANT","Active","false",""
"9152102858983","shrunken-raglan-sweatshirt-black-1","MERGE","Shrunken Raglan Sweatshirt Black","Active","false",""
"9152102957287","oversized-crewneck-sweatshirt-black-1","MERGE","OVERSIZED CREWNECK SWEATSHIRT","Active","false",""
"9152103022823","high-neck-fitted-tank-taupe","MERGE","HIGH NECK FITTED TANK","Active","true","2025-06-02 15:17:41 -0700"
"9152103088359","drawstring-wide-leg-sweatpant-bone-3","MERGE","DRAWSTRING WIDE LEG SWEATPANT","Active","false",""
"9152103153895","mini-track-short-bone-3","MERGE","Mini Track Short Bone","Active","false",""
"9152103186663","emma-skirt-taupe","MERGE","EMMA SKIRT","Active","true","2025-06-02 16:15:42 -0700"
"9152103219431","sleeveless-crewneck-top-taupe","MERGE","SLEEVELESS CREWNECK TOP","Active","false",""
"9152103317735","halter-top-taupe","MERGE","CROPPED HALTER TOP","Active","true","2025-06-02 15:17:41 -0700"
"9152103383271","sleeveless-crewneck-sweatshirt-black","MERGE","Sleeveless Crewneck Sweatshirt Black","Active","false",""
"9152103416039","fitted-crewneck-long-sleeve-t-shirt-taupe","MERGE","FITTED CREWNECK LONG SLEEVE T-SHIRT","Active","true","2025-06-02 15:17:42 -0700"
"9152103481575","fitted-crewneck-short-sleeve-t-shirt-taupe","MERGE","FITTED CREWNECK SHORT SLEEVE T-SHIRT","Active","true","2025-06-02 15:17:42 -0700"
"9152103514343","fitted-crewneck-short-sleeve-t-shirt-taupe-sj","MERGE","FITTED CREWNECK SHORT SLEEVE T-SHIRT","Active","true","2025-06-02 15:17:43 -0700"
"9152103547111","halter-maxi-dress-taupe","MERGE","HALTER MAXI DRESS","Active","true","2025-06-02 15:17:44 -0700"
"9152103612647","tube-maxi-dress-taupe","MERGE","TUBE MAXI DRESS","Active","true","2025-06-02 16:15:44 -0700"
"9152103645415","carrie-dress-taupe","MERGE","CARRIE DRESS","Active","true","2025-06-02 15:17:45 -0700"
"9152103710951","rouched-tube-mini-dress-ivory","MERGE","RUCHED TUBE MINI DRESS","Active","true","2025-05-02 14:24:41 -0700"
"8940198559975","long-sleeve-fitted-top-cream","MERGE","LONG SLEEVE FITTED TOP","Active","true","2022-08-22 14:01:39 -0700"
"9152103940327","racerback-tank-maxi-dress-taupe","MERGE","RACERBACK TANK MAXI DRESS","Active","false",""
"9152103973095","sleeveless-crewneck-mini-dress-taupe","MERGE","Sleeveless Crewneck Mini Dress Taupe","Active","false",""
"9152104071399","sleeveless-crewneck-maxi-dress-taupe","MERGE","Sleeveless Crewneck Maxi Dress Taupe","Active","false",""
"9152104104167","cropped-half-zip-sweatshirt-black","MERGE","CROPPED HALF-ZIP SWEATSHIRT","Active","false",""
"9152104169703","short-sleeve-baby-tee-taupe","MERGE","SHORT SLEEVE BABY TEE","Active","true","2025-06-02 15:14:14 -0700"
"9152104235239","lounge-pant-taupe","MERGE","LOUNGE PANT","Active","true","2025-06-02 16:15:45 -0700"
"9152104300775","brody-pant-taupe-silk","MERGE","BRODY PANT","Active","true","2025-06-02 15:17:45 -0700"
"9152104333543","camila-midi-skirt-taupe","MERGE","CAMILA MIDI SKIRT","Active","true","2025-06-02 15:17:46 -0700"
"9152104366311","mila-camisole-taupe","MERGE","MILA CAMISOLE","Active","true","2025-06-02 15:17:47 -0700"
"9152104399079","mila-maxi-dress-taupe","MERGE","MILA MAXI DRESS","Active","true","2025-06-02 15:17:48 -0700"
"9152104464615","isla-top-taupe","MERGE","ISLA TOP","Active","true","2025-05-19 14:53:14 -0700"
"9152104497383","isla-bottom-taupe","MERGE","ISLA BOTTOM","Active","true","2025-05-19 14:57:19 -0700"
"9152104562919","thea-top-taupe","MERGE","THEA TOP","Active","true","2025-05-19 15:37:13 -0700"
"9152104792295","thea-bottom-taupe","MERGE","THEA BOTTOM","Active","true","2025-05-19 15:37:13 -0700"
"9152104988903","kaia-top-taupe","MERGE","KAIA TOP","Active","true","2025-05-19 15:26:20 -0700"
"9152105283815","rosie-bikini-top-taupe","MERGE","ROSIE TOP","Active","true","2025-05-19 15:44:08 -0700"
"9152105414887","rosie-bottom-taupe","MERGE","ROSIE BOTTOM","Active","true","2025-05-19 15:42:38 -0700"
"9152105447655","grace-one-piece-taupe","MERGE","GRACE ONE PIECE","Active","true","2025-05-19 15:11:55 -0700"
"9152105480423","kaia-one-piece-taupe","MERGE","KAIA ONE PIECE","Active","true","2025-05-19 15:59:26 -0700"
"9152105578727","kaia-bottom-taupe","MERGE","KAIA BOTTOM","Active","true","2025-05-19 15:26:20 -0700"
"9156121395431","oversized-raglan-sweatshirt-dusty-pink","MERGE","OVERSIZED RAGLAN SWEATSHIRT","Active","true","2025-05-26 08:48:44 -0700"
"9156122050791","drawstring-wide-leg-sweatpant-dusty-pink","MERGE","DRAWSTRING WIDE LEG SWEATPANT","Active","true","2025-06-02 15:14:20 -0700"
"9156691591399","camila-midi-skirt-black","MERGE","CAMILA MIDI SKIRT","Active","true","2025-06-02 15:17:51 -0700"
"9169793515751","boyfriend-pocket-sweatpant-dusty-pink","MERGE","BOYFRIEND POCKET SWEATPANT","Active","true","2025-05-26 08:36:59 -0700"
"9187989225703","cropped-cardigan-moss","MERGE","CROPPED CARDIGAN","Active","false",""
"9187989356775","cropped-cardigan-navy","MERGE","CROPPED CARDIGAN","Active","false",""
"9187989455079","tube-maxi-dress-moss","MERGE","TUBE MAXI DRESS","Active","true","2025-06-06 17:15:16 -0700"
"9187989553383","short-sleeve-baby-tee-moss-br","MERGE","SHORT SLEEVE BABY TEE","Active","true","2025-06-06 15:28:44 -0700"
"9187989618919","short-sleeve-baby-tee-navy-br","MERGE","SHORT SLEEVE BABY TEE","Active","true","2025-06-06 15:28:44 -0700"
"9187989782759","lounge-pant-moss-br","MERGE","LOUNGE PANT","Active","true","2025-06-06 15:28:43 -0700"
"9187989946599","lounge-pant-navy-br","MERGE","LOUNGE PANT","Active","true","2025-06-06 15:28:43 -0700"
"9187991847143","cropped-cardigan-chocolate","MERGE","CROPPED CARDIGAN","Active","false",""
"9187991912679","tube-maxi-dress-chocolate","MERGE","TUBE MAXI DRESS","Active","true","2025-06-06 17:13:20 -0700"
"9187992010983","short-sleeve-baby-tee-chocolate-br","MERGE","SHORT SLEEVE BABY TEE","Active","true","2025-06-06 15:28:43 -0700"
"9187992240359","lounge-pant-chocolate-br","MERGE","LOUNGE PANT","Active","true","2025-06-06 15:28:43 -0700"
"9187992338663","cropped-cardigan-heather-oatmeal","MERGE","CROPPED CARDIGAN","Active","true","2025-06-06 16:34:09 -0700"
"9187992436967","halter-maxi-dress-heather-oatmeal","MERGE","HALTER MAXI DRESS","Active","true","2025-06-06 16:34:09 -0700"
"9091649601767","thea-bikini-bottom-sage","MERGE","THEA BOTTOM","Active","true","2025-04-06 09:20:08 -0700"
"9091649667303","kaia-bikini-top-sage","MERGE","Kaia Bikini Top Sage","Archived","false",""
"9091649765607","grace-one-piece-sage","MERGE","GRACE ONE PIECE","Active","true","2025-05-18 09:09:51 -0700"
"9091649863911","kaia-bikini-bottom-sage","MERGE","Kaia Bikini Bottom Sage","Archived","false",""
"9091657072871","classic-sweatpant-bone","MERGE","CLASSIC SWEATPANT","Active","true","2025-03-21 12:09:32 -0700"
"9091657400551","shrunken-raglan-sweatshirt-bone","MERGE","SHRUNKEN RAGLAN SWEATSHIRT","Active","true","2025-03-21 11:59:20 -0700"
"9091657597159","drawstring-wide-leg-sweatpant-bone","MERGE","DRAWSTRING WIDE LEG SWEATPANT","Active","true","2025-06-02 15:13:58 -0700"
"9091657859303","mini-track-short-bone","MERGE","MINI TRACK SHORT","Active","false",""
"9091658121447","boyfriend-pocket-sweatpant-bone","MERGE","BOYFRIEND POCKET SWEATPANT","Active","true","2025-03-25 08:17:59 -0700"
"9091658416359","shrunken-hoodie-sweatshirt-bone","MERGE","SHRUNKEN HOODIE SWEATSHIRT","Active","true","2025-03-21 13:42:35 -0700"
"9091658809575","short-sleeve-raglan-sweatshirt-bone","MERGE","SHORT SLEEVE RAGLAN SWEATSHIRT","Active","true","2025-03-21 13:50:18 -0700"
"9091658907879","oversized-raglan-sweatshirt-bone","MERGE","OVERSIZED RAGLAN SWEATSHIRT","Active","true","2025-03-25 08:17:59 -0700"
"9091659071719","rib-tank-bone","MERGE","RIB TANK","Active","true","2025-03-03 13:25:43 -0800"
"9092339368167","short-sleeve-baby-tee-n-br-1","MERGE","Short Sleeve Baby Tee","Archived","false",""
"9092354572519","lounge-pant-b-ct","MERGE","Lounge Pant","Archived","false",""
"9092404510951","short-sleeve-baby-tee-moss-br-1","MERGE","Short Sleeve Baby Tee","Archived","false",""
"9092410704103","lounge-pant-i-cm","MERGE","Lounge Pant","Draft","false",""
"9092418371815","lounge-pant-h-ct","MERGE","Lounge Pant","Draft","false",""
"9092420337895","lounge-pant-c-ct","MERGE","Lounge Pant","Archived","false",""
"9092421714151","lounge-pant-m-cm-copy","MERGE","Lounge Pant","Archived","false",""
"9092428267751","short-sleeve-baby-tee-ivory-br","MERGE","Short Sleeve Baby Tee","Archived","false",""
"9092428431591","lounge-pant-ho-ct","MERGE","Lounge Pant","Archived","false",""
"9092432134375","short-sleeve-baby-tee-ch-br","MERGE","Short Sleeve Baby Tee","Archived","false",""
"9092433314023","short-sleeve-baby-tee-heather-grey-br","MERGE","Short Sleeve Baby Tee","Archived","false",""
"9092433805543","short-sleeve-baby-tee-heather-oatmeal-cm","MERGE","Short Sleeve Baby Tee","Archived","false",""
"9092435181799","long-sleeve-baby-tee-heather-oatmeal-cm","MERGE","Long Sleeve Baby Tee","Archived","false",""
"9092440522983","long-sleeve-baby-tee-moss-br","MERGE","Long Sleeve Baby Tee","Archived","false",""
"9092442489063","fitted-crewneck-long-sleeve-t-shirt-sj-ivory","MERGE","FITTED CREWNECK LONG SLEEVE T-SHIRT sj","Draft","false",""
"9092442849511","long-sleeve-baby-tee-navy-br","MERGE","Long Sleeve Baby Tee","Archived","false",""
"9092445896935","long-sleeve-baby-tee-chocolate-br","MERGE","Long Sleeve Baby Tee","Archived","false",""
"9092453892327","long-sleeve-baby-tee-ivory-br","MERGE","Long Sleeve Baby Tee","Archived","false",""
"9092457431271","long-sleeve-baby-tee-heather-grey-br","MERGE","Long Sleeve Baby Tee","Archived","false",""
"9092467589351","fitted-crewneck-short-sleeve-t-shirt-cm","MERGE","FITTED CREWNECK SHORT SLEEVE T-SHIRT","Archived","false",""
"9092469489895","fitted-crewneck-short-sleeve-t-shirt-sj","MERGE","FITTED CREWNECK SHORT SLEEVE T-SHIRT","Draft","false",""
"9092469948647","fitted-crewneck-short-sleeve-t-shirt-sj-1","MERGE","FITTED CREWNECK SHORT SLEEVE T-SHIRT","Archived","false",""
"9092470866151","fitted-crewneck-short-sleeve-t-shirt-sj-2","MERGE","FITTED CREWNECK SHORT SLEEVE T-SHIRT","Archived","false",""
"9092471128295","fitted-crewneck-short-sleeve-t-shirt-copy","MERGE","FITTED CREWNECK SHORT SLEEVE T-SHIRT","Archived","false",""
"9152103776487","rouched-tube-mini-dress-black","MERGE","RUCHED TUBE MINI DRESS","Active","true","2025-05-06 09:49:05 -0700"
"9092486332647","lounge-pant-n-cm","MERGE","Lounge Pant","Archived","false",""
"9107499909351","amina-dress-black","MERGE","AMINA DRESS","Active","true","2025-02-07 13:16:31 -0800"
"9109907046631","maxi-skirt-black","MERGE","MAXI SKIRT","Active","true","2025-04-01 11:12:22 -0700"
"9109907144935","harlow-top-ivory","MERGE","HARLOW TOP","Active","true","2025-03-27 14:30:48 -0700"
"9109907276007","harlow-top-black","MERGE","HARLOW TOP","Active","true","2025-03-27 14:30:48 -0700"
"9109907308775","amina-top-black","MERGE","AMINA TOP","Active","true","2025-04-14 16:53:52 -0700"
"9109907374311","amina-top-taupe","MERGE","AMINA TOP","Active","false",""
"9109907439847","vivian-dress-black","MERGE","VIVIAN DRESS","Active","true","2025-03-12 13:24:48 -0700"
"9109907505383","harlow-mini-dress-black","MERGE","HARLOW MINI DRESS","Active","true","2025-03-27 14:30:48 -0700"
"9109907570919","harlow-mini-dress-ivory","MERGE","HARLOW MINI DRESS","Active","true","2025-03-27 14:30:48 -0700"
"9109907636455","harlow-maxi-dress-oxblood","MERGE","HARLOW MAXI DRESS OXBLOOD","Active","false",""
"9109907701991","harlow-maxi-dress-black","MERGE","HARLOW MAXI DRESS","Active","true","2025-03-27 17:27:52 -0700"
"9109907734759","harlow-maxi-dress-cream","MERGE","Harlow Maxi Dress Cream","Archived","false",""
"9109907800295","harlow-maxi-dress-ivory","MERGE","Harlow Maxi Dress Ivory","Archived","false",""
"9109907865831","constance-top-taupe","MERGE","CONSTANCE TOP","Active","true","2025-06-02 15:17:37 -0700"
"9109907931367","constance-top-black-cg","MERGE","CONSTANCE TOP","Active","true","2025-04-06 09:20:09 -0700"
"9109907964135","constance-top-ivory-cg","MERGE","CONSTANCE TOP","Active","true","2025-04-06 09:20:09 -0700"
"9109908062439","jude-short-black","MERGE","JUDE SHORT","Active","true","2025-04-06 09:20:09 -0700"
"9109908160743","jude-short-ivory","MERGE","JUDE SHORT","Active","true","2025-04-06 09:20:09 -0700"
"9109908357351","jude-short-taupe","MERGE","JUDE SHORT","Active","true","2025-06-02 15:17:38 -0700"
"9109908422887","brody-pant-taupe-cg","MERGE","BRODY PANT","Active","true","2025-06-02 15:17:39 -0700"
"9109908521191","brody-pant-black-cg","MERGE","BRODY PANT","Active","true","2025-04-06 09:20:11 -0700"
"9109908619495","brody-pant-ivory-cg","MERGE","BRODY PANT","Active","true","2025-04-06 09:20:11 -0700"
"9110703374567","josie-dress-black","MERGE","JOSIE DRESS","Active","true","2025-04-14 16:53:52 -0700"
"9119750947047","long-sleeve-boyfriend-tee-black","MERGE","LONG SLEEVE BOYFRIEND T-SHIRT","Active","true","2020-02-27 15:14:56 -0800"
"9119750979815","short-sleeve-boyfriend-tee","MERGE","Short Sleeve Boyfriend T-Shirt","Active","true","2020-02-27 15:14:49 -0800"
"9119751012583","short-sleeve-baby-tee-black","MERGE","SHORT SLEEVE BABY TEE","Active","true","2025-01-17 01:52:41 -0800"
"9119756746983","cropped-long-sleeve-thermal-black","MERGE","Cropped Long Sleeve Thermal","Draft","false",""
"9119756779751","long-sleeve-thermal-black","MERGE","LONG SLEEVE THERMAL","Active","true","2020-02-27 15:14:38 -0800"
"9119757009127","rib-tank-ivory","MERGE","RIB TANK","Active","true","2020-02-27 15:15:04 -0800"
"9119757041895","boyfriend-tank-black","MERGE","Boyfriend Tank","Draft","false",""
"9119757238503","cropped-rib-tank-black","MERGE","CROPPED RIB TANK","Active","true","2020-02-27 15:15:14 -0800"
"9119757304039","cropped-boyfriend-tank-ivory","MERGE","Cropped Boyfriend Tank","Draft","false",""
"9119757402343","boyfriend-tank-ivory","MERGE","Boyfriend Tank","Draft","false",""
"9119757467879","cropped-boyfriend-tank-black","MERGE","Cropped Boyfriend Tank","Draft","false",""
"9133822804199","franco-cargo-pant-black","MERGE","FRANCO CARGO PANT","Active","true","2025-03-18 15:25:07 -0700"
"9133822935271","franco-cargo-pant-white","MERGE","FRANCO CARGO PANT","Active","true","2025-03-18 15:25:07 -0700"
"9133823099111","rhodes-zip-jacket-black","MERGE","RHODES ZIP JACKET","Active","true","2025-03-18 15:25:07 -0700"
"9133823197415","rhodes-zip-jacket-white","MERGE","RHODES ZIP JACKET","Active","true","2025-03-18 15:25:07 -0700"
"9146687881447","isla-bikini-top-black","MERGE","ISLA TOP","Active","true","2025-04-06 09:20:11 -0700"
"9146687979751","isla-bikini-top-ivory","MERGE","ISLA TOP","Active","true","2025-04-06 09:20:11 -0700"
"9146688110823","isla-bikini-bottom-black","MERGE","ISLA BOTTOM","Active","true","2025-04-06 09:20:12 -0700"
"9146688209127","isla-bikini-bottom-ivory","MERGE","ISLA BOTTOM","Active","true","2025-04-06 09:20:12 -0700"
"9146688274663","thea-bikini-top-black","MERGE","THEA TOP","Active","true","2025-04-06 09:20:12 -0700"
"9146688536807","thea-bikini-top-ivory","MERGE","THEA TOP","Active","true","2025-04-06 09:20:12 -0700"
"9146688635111","thea-bikini-bottom-black","MERGE","THEA BOTTOM","Active","true","2025-04-06 09:20:14 -0700"
"9146688798951","thea-bikini-bottom-ivory","MERGE","THEA BOTTOM","Active","true","2025-04-06 09:20:14 -0700"
"9146688864487","kaia-bikini-top-black","MERGE","KAIA TOP","Active","true","2025-04-06 09:20:14 -0700"
"9146688897255","kaia-bikini-top-ivory","MERGE","KAIA TOP","Active","true","2025-04-06 09:20:14 -0700"
"9146688962791","rosie-bikini-top-black","MERGE","ROSIE TOP","Active","true","2025-05-19 15:44:08 -0700"
"9146689028327","rosie-bikini-top-ivory","MERGE","ROSIE TOP","Active","true","2025-05-19 15:44:08 -0700"
"9146689224935","rosie-bikini-bottom-black","MERGE","ROSIE BOTTOM","Active","true","2025-05-19 15:42:37 -0700"
"9146689454311","rosie-bikini-bottom-ivory","MERGE","ROSIE BOTTOM","Active","true","2025-05-19 15:42:38 -0700"
"9146689585383","grace-one-piece-black","MERGE","GRACE ONE PIECE","Active","true","2025-05-18 08:54:20 -0700"
"9146689814759","grace-one-piece-ivory","MERGE","GRACE ONE PIECE","Active","true","2025-05-18 08:54:20 -0700"
"9146689880295","kaia-one-piece-black","MERGE","KAIA ONE PIECE","Active","true","2025-05-18 08:47:19 -0700"
"9146689945831","kaia-one-piece-ivory","MERGE","KAIA ONE PIECE","Active","true","2025-05-18 08:47:19 -0700"
"9146689978599","kaia-bikini-bottom-black","MERGE","KAIA BOTTOM","Active","true","2025-04-06 09:20:15 -0700"
"9146690207975","kaia-bikini-bottom-ivory","MERGE","KAIA BOTTOM","Active","true","2025-04-06 09:20:15 -0700"
"9147278426343","tube-maxi-dress-poppy","MERGE","Tube Maxi Dress Poppy","Active","false",""
"9147278524647","lounge-pant-poppy","MERGE","LOUNGE PANT","Active","true","2025-06-05 19:46:18 -0700"
"9147278590183","lounge-pant-sage","MERGE","LOUNGE PANT","Active","true","2025-06-05 19:46:19 -0700"
"9147280556263","short-sleeve-raglan-sweatshirt-poppy","MERGE","SHORT SLEEVE RAGLAN SWEATSHIRT","Active","true","2025-03-22 08:02:46 -0700"
"9152091029735","long-sleeve-fitted-top-dusty-pink","MERGE","LONG SLEEVE FITTED TOP","Active","true","2025-05-02 14:24:14 -0700"
"9152091193575","tank-maxi-dress-dusty-pink","MERGE","TANK MAXI DRESS","Active","true","2025-05-02 14:24:15 -0700"
"9152091488487","shrunken-raglan-sweatshirt-dusty-pink","MERGE","SHRUNKEN RAGLAN SWEATSHIRT","Active","true","2025-05-26 08:48:46 -0700"
"9152092143847","high-neck-fitted-tank-dusty-pink","MERGE","HIGH NECK FITTED TANK","Active","true","2025-05-02 14:24:15 -0700"
"9152092438759","mini-track-short-dusty-pink","MERGE","MINI TRACK SHORT","Active","false",""
"9152092700903","90s-tank-dusty-pink","MERGE","90s TANK","Active","true","2025-05-02 14:52:52 -0700"
"9152093257959","fitted-crewneck-short-sleeve-t-shirt-dusty-pink","MERGE","FITTED CREWNECK SHORT SLEEVE T-SHIRT","Active","true","2025-05-02 14:24:17 -0700"
"9152093487335","carrie-dress-dusty-pink","MERGE","CARRIE DRESS","Active","true","2025-05-02 14:24:18 -0700"
"9152093618407","boy-short-dusty-pink","MERGE","HIGH WAISTED BOY SHORT","Active","true","2025-05-02 14:24:19 -0700"
"9152093651175","short-sleeve-baby-tee-dusty-pink","MERGE","SHORT SLEEVE BABY TEE","Active","true","2025-05-02 14:24:20 -0700"
"9152093716711","short-sleeve-baby-tee-dusty-pink-br","MERGE","SHORT SLEEVE BABY TEE","Active","true","2025-05-02 14:24:24 -0700"
"9152093782247","rib-tank-dusty-pink","MERGE","RIB TANK","Active","true","2025-05-02 14:24:24 -0700"
"8940198625511","long-sleeve-fitted-top-heather-grey","MERGE","LONG SLEEVE FITTED TOP","Active","true","2022-08-22 14:01:33 -0700"
"8940199674087","thin-strap-fitted-tank-heather-grey","MERGE","Thin Strap Fitted Tank","Draft","false",""
"9152094011623","brody-pant-dusty-pink-silk-1","MERGE","BRODY PANT","Active","true","2025-05-19 14:20:38 -0700"
"9152094077159","camila-midi-skirt-dusty-pink","MERGE","CAMILA MIDI SKIRT","Active","true","2025-05-19 14:20:38 -0700"
"9152094208231","mila-camisole-dusty-pink","MERGE","MILA CAMISOLE","Active","true","2025-05-19 14:20:36 -0700"
"9152094306535","isla-top-dusty-pink","MERGE","ISLA TOP","Active","true","2025-05-19 14:53:15 -0700"
"9152094437607","isla-bottom-dusty-pink","MERGE","ISLA BOTTOM","Active","true","2025-05-19 14:53:14 -0700"
"9152094470375","thea-top-dusty-pink","MERGE","THEA TOP","Active","true","2025-05-19 15:37:13 -0700"
"9152094535911","thea-bottom-dusty-pink","MERGE","THEA BOTTOM","Active","true","2025-05-19 15:37:13 -0700"
"9152094601447","constance-top-dusty-pink","MERGE","CONSTANCE TOP","Active","true","2025-05-26 08:14:39 -0700"
"9152094699751","jude-short-dusty-pink","MERGE","JUDE SHORT","Active","true","2025-05-26 08:28:37 -0700"
"9152094863591","brody-pant-dusty-pink-cg","MERGE","BRODY PANT","Active","true","2025-05-26 08:19:23 -0700"
"9038866776295","james-moss","MERGE","JAMES SWEATER","Active","true","2024-11-03 00:59:14 -0700"
"9038866809063","francis-moss","MERGE","FRANCIS SWEATER","Active","true","2024-11-03 00:59:14 -0700"
"9038866940135","brody-moss","MERGE","BRODY PANT","Active","true","2024-11-11 11:29:48 -0800"
"9038866972903","josephine-pant-moss","MERGE","JOSEPHINE PANT","Active","true","2024-11-08 13:16:10 -0800"
"9038867103975","bianca-moss","MERGE","BIANCA SKIRT","Active","true","2024-11-11 11:44:58 -0800"
"9038867136743","constance-top-moss","MERGE","CONSTANCE TOP","Active","true","2024-11-08 13:16:11 -0800"
"9038867202279","mila-silk-camisole-moss","MERGE","MILA CAMISOLE","Active","true","2024-11-08 13:16:11 -0800"
"9038910259431","fitted-crewneck-long-sleeve-t-shirt-ivory","MERGE","FITTED CREWNECK LONG SLEEVE T-SHIRT","Active","true","2024-10-25 18:48:19 -0700"
"9038910292199","fitted-crewneck-long-sleeve-t-shirt-black","MERGE","FITTED CREWNECK LONG SLEEVE T-SHIRT","Active","true","2024-10-25 18:48:19 -0700"
"9038910357735","fitted-crewneck-long-sleeve-t-shirt-hg","MERGE","FITTED CREWNECK LONG SLEEVE T-SHIRT","Active","true","2024-10-25 18:48:20 -0700"
"9038910423271","bianca-skirt","MERGE","BIANCA SKIRT","Active","true","2024-10-20 08:30:04 -0700"
"9044764852455","valery","MERGE","VALERY DRESS","Active","true","2024-11-01 11:02:46 -0700"
"9048133632231","eve-silk-maxi-dress-black","MERGE","EVE MAXI","Active","true","2024-11-14 13:34:27 -0800"
"9048134680807","brody-pant-ivory-silk","MERGE","BRODY PANT","Active","true","2024-11-08 13:16:10 -0800"
"9048134713575","josephine-trouser-black","MERGE","JOSEPHINE PANT","Active","true","2024-11-08 13:16:12 -0800"
"9048134779111","josephine-pant-ivory","MERGE","JOSEPHINE PANT","Active","true","2024-11-08 13:16:10 -0800"
"9048134844647","constance-ivory-silk","MERGE","CONSTANCE TOP","Active","true","2024-11-08 13:16:11 -0800"
"9048134910183","mila-silk-camisole-black","MERGE","MILA CAMISOLE","Active","true","2024-11-08 13:16:11 -0800"
"9048135008487","mila-silk-camisole-ivory","MERGE","MILA CAMISOLE","Active","true","2024-11-08 13:16:10 -0800"
"9048504107239","long-sleeve-fitted-top-chocolate","MERGE","LONG SLEEVE FITTED TOP","Active","true","2024-12-02 17:11:41 -0800"
"9048504238311","cropped-fitted-turtleneck-top-chocolate","MERGE","CROPPED FITTED TURTLENECK TOP","Active","true","2024-11-22 15:49:16 -0800"
"9048504369383","straight-leg-sweatpant-chocolate","MERGE","STRAIGHT LEG SWEATPANT","Active","true","2024-12-01 08:53:32 -0800"
"9048504434919","shrunken-raglan-sweatshirt-chocolate","MERGE","SHRUNKEN RAGLAN SWEATSHIRT","Active","true","2024-12-01 08:38:44 -0800"
"9048504565991","oversized-crewneck-sweatshirt-chocolate","MERGE","OVERSIZED CREWNECK SWEATSHIRT","Active","true","2024-12-01 08:37:16 -0800"
"9048504762599","emma-skirt-chocolate","MERGE","EMMA SKIRT","Active","true","2024-12-02 17:16:38 -0800"
"9048504893671","shrunken-hoodie-sweatshirt-3","MERGE","SHRUNKEN HOODIE SWEATSHIRT","Active","false",""
"9048504959207","fitted-crewneck-long-sleeve-t-shirt","MERGE","FITTED CREWNECK LONG SLEEVE T-SHIRT","Active","true","2024-11-18 14:59:32 -0800"
"9048505057511","fitted-crewneck-short-sleeve-t-shirt-chocolate","MERGE","FITTED CREWNECK SHORT SLEEVE T-SHIRT","Active","true","2024-11-24 09:32:26 -0800"
"9048505188583","cropped-half-zip-sweatshirt-choco","MERGE","CROPPED HALF-ZIP SWEATSHIRT","Active","true","2024-12-01 08:35:29 -0800"
"9048505319655","ls-baby-tee-chocolate","MERGE","LONG SLEEVE BABY TEE","Active","true","2024-11-17 09:28:34 -0800"
"9048505417959","luca-scarf","MERGE","LUCA SCARF","Active","true","2024-11-15 08:58:02 -0800"
"9048505483495","levi-beanie-chocolate","MERGE","LEVI BEANIE","Active","true","2024-11-15 08:58:01 -0800"
"9048505549031","lenny-chocolate","MERGE","LENNY VEST","Active","true","2024-12-02 17:54:35 -0800"
"9048509317351","fitted-turtleneck-top-sj-cream","MERGE","FITTED TURTLENECK TOP","Active","true","2024-11-29 08:16:29 -0800"
"9048509382887","fitted-turtleneck-top-sj-black","MERGE","FITTED TURTLENECK TOP","Active","true","2024-11-29 08:16:29 -0800"
"9052910059751","brady-heather-grey","MERGE","BRADY SWEATER","Active","true","2024-11-08 13:15:01 -0800"
"9052911272167","eve","MERGE","EVE","Active","false",""
"9052912582887","fitted-crewneck-long-sleeve-t-shirt-sj-black","MERGE","FITTED CREWNECK LONG SLEEVE T-SHIRT","Active","true","2024-11-29 08:16:28 -0800"
"9052912648423","fitted-crewneck-long-sleeve-t-shirt-sj-cream","MERGE","FITTED CREWNECK LONG SLEEVE T-SHIRT","Active","true","2024-11-29 08:16:28 -0800"
"9052912681191","fitted-crewneck-long-sleeve-t-shirt-3","MERGE","FITTED CREWNECK LONG SLEEVE T-SHIRT","Draft","false",""
"9052912713959","fitted-crewneck-short-sleeve-t-shirt-sj-black","MERGE","FITTED CREWNECK SHORT SLEEVE T-SHIRT","Active","true","2024-11-29 08:16:28 -0800"
"9052912746727","fitted-crewneck-short-sleeve-t-shirt-sj-cream","MERGE","FITTED CREWNECK SHORT SLEEVE T-SHIRT","Active","true","2024-11-29 08:16:28 -0800"
"9052912779495","fitted-crewneck-short-sleeve-t-shirt-7","MERGE","FITTED CREWNECK SHORT SLEEVE T-SHIRT","Active","false",""
"9052957180135","luca-scarf-black","MERGE","LUCA SCARF","Active","true","2024-11-15 08:58:01 -0800"
"9052957212903","luca-scarf-hoat","MERGE","LUCA SCARF","Active","true","2024-11-15 08:58:02 -0800"
"9052957245671","levi-beanie-1","MERGE","LEVI BEANIE","Active","true","2024-11-15 08:58:01 -0800"
"9052957311207","levi-beanie-oatmeal","MERGE","LEVI BEANIE","Active","true","2024-11-15 08:58:01 -0800"
"9075031310567","high-waist-legging-heather-oatmeal","MERGE","HIGH WAIST LEGGING","Active","true","2025-01-02 13:43:46 -0800"
"9075031408871","drawstring-short-heather-oatmeal","MERGE","DRAWSTRING SHORT","Active","true","2025-01-02 13:44:14 -0800"
"9075031572711","boyfriend-pocket-sweatpant-heather-oatmeal","MERGE","BOYFRIEND POCKET SWEATPANT","Active","true","2025-01-10 18:36:06 -0800"
"9075031703783","short-sleeve-raglan-sweatshirt-heather-oatmeal","MERGE","SHORT SLEEVE RAGLAN SWEATSHIRT","Active","true","2025-01-10 18:37:23 -0800"
"9075031769319","oversized-raglan-sweatshirt-heather-oatmeal","MERGE","OVERSIZED RAGLAN SWEATSHIRT","Active","true","2025-01-10 18:36:43 -0800"
"9075031867623","tube-maxi-dress-heather-oatmeal","MERGE","TUBE MAXI DRESS","Active","true","2025-01-02 13:44:31 -0800"
"9075031998695","short-sleeve-boyfriend-t-shirt-heather-oatmeal","MERGE","Short Sleeve Boyfriend T-Shirt","Active","true","2025-01-02 13:44:57 -0800"
"9075032129767","long-sleeve-boyfriend-t-shirt-heather-oatmeal","MERGE","LONG SLEEVE BOYFRIEND T-SHIRT","Active","true","2025-01-02 13:46:00 -0800"
"9075032260839","lounge-pant-heather-oatmeal","MERGE","LOUNGE PANT","Active","true","2025-01-02 13:49:08 -0800"
"9081897320679","classic-sweatpant-dove","MERGE","CLASSIC SWEATPANT","Active","true","2025-01-28 08:05:48 -0800"
"9081897353447","straight-leg-sweatpant-dove","MERGE","STRAIGHT LEG SWEATPANT","Active","true","2025-01-28 08:14:43 -0800"
"9152093880551","lounge-pant-dusty-pink-br","MERGE","LOUNGE PANT","Active","true","2025-05-02 14:24:24 -0700"
"9081897418983","oversized-crewneck-sweatshirt-dove","MERGE","OVERSIZED CREWNECK SWEATSHIRT","Active","true","2025-01-28 08:22:34 -0800"
"9081897451751","cropped-half-zip-sweatshirt-dove","MERGE","CROPPED HALF-ZIP SWEATSHIRT","Active","true","2025-01-28 07:57:39 -0800"
"9081897517287","lennox-dove","MERGE","LENNOX SWEATER","Active","true","2025-02-10 17:31:06 -0800"
"9081897550055","james-sweater-dove","MERGE","JAMES SWEATER","Active","true","2025-01-27 19:00:43 -0800"
"9081897615591","francis-sweater-dove","MERGE","FRANCIS SWEATER","Active","true","2025-01-27 19:00:43 -0800"
"9081897648359","brody-pant-dove-silk","MERGE","BRODY PANT","Active","true","2025-01-27 19:00:43 -0800"
"9081897681127","josephine-trouser-dove","MERGE","JOSEPHINE PANT","Active","true","2025-01-27 19:08:09 -0800"
"9081897713895","constance-top-dove","MERGE","CONSTANCE TOP","Active","true","2025-01-27 19:00:43 -0800"
"9081897746663","mila-silk-camisole-dove","MERGE","MILA CAMISOLE","Active","true","2025-01-27 19:08:09 -0800"
"9081897910503","stella-maxi-dress-black","MERGE","STELLA MAXI DRESS","Active","true","2025-02-03 15:57:28 -0800"
"9081898008807","stella-mini-dress-black","MERGE","STELLA MINI DRESS","Active","true","2025-02-03 15:57:15 -0800"
"9081898041575","van-top-black","MERGE","VAN TOP","Active","true","2025-02-17 12:45:07 -0800"
"9081898074343","van-top-bone","MERGE","VAN TOP","Active","true","2025-02-17 12:45:06 -0800"
"9081898107111","ryder-tank-black","MERGE","RYDER TANK","Active","true","2025-02-17 12:47:07 -0800"
"9081898139879","ryder-tank-bone","MERGE","RYDER TANK","Active","true","2025-02-17 12:47:07 -0800"
"9081898172647","mila-maxi-dress-black","MERGE","MILA DRESS","Active","true","2025-02-10 17:49:06 -0800"
"9085519823079","iris-tank-black","MERGE","IRIS TANK","Active","true","2025-03-10 12:16:49 -0700"
"9085520019687","iris-tank-cream","MERGE","IRIS TANK","Active","true","2025-03-10 12:16:49 -0700"
"9085520281831","iris-mini-dress-black","MERGE","IRIS MINI DRESS","Active","true","2025-02-12 10:18:12 -0800"
"9085520478439","iris-mini-dress-cream","MERGE","IRIS MINI DRESS","Active","true","2025-02-12 10:18:12 -0800"
"9085520675047","iris-maxi-dress-black","MERGE","IRIS MAXI DRESS","Active","true","2025-02-22 16:54:12 -0800"
"9085520871655","iris-maxi-dress-cream","MERGE","IRIS MAXI DRESS","Active","true","2025-02-22 16:54:12 -0800"
"9085521068263","carrie-dress-black","MERGE","CARRIE DRESS","Active","true","2025-03-12 13:24:48 -0700"
"9085521232103","carrie-dress-poppy","MERGE","CARRIE DRESS","Active","true","2025-03-12 13:24:48 -0700"
"9085521428711","carrie-dress-ivory","MERGE","CARRIE DRESS","Active","true","2025-03-12 13:24:48 -0700"
"9085521625319","lennox-sweater-black","MERGE","LENNOX SWEATER","Active","true","2025-01-20 20:23:58 -0800"
"9091643146471","classic-sweatpant-poppy","MERGE","CLASSIC SWEATPANT","Active","true","2025-03-21 12:09:32 -0700"
"9091643277543","shrunken-raglan-sweatshirt-poppy","MERGE","SHRUNKEN RAGLAN SWEATSHIRT","Active","true","2025-03-21 11:59:20 -0700"
"9091643441383","high-neck-fitted-tank-poppy","MERGE","HIGH NECK FITTED TANK","Active","true","2025-02-24 12:46:57 -0800"
"9091643703527","boyfriend-pocket-sweatpant-poppy","MERGE","BOYFRIEND POCKET SWEATPANT","Active","true","2025-03-25 08:17:57 -0700"
"9091643867367","emma-skirt-poppy","MERGE","EMMA SKIRT","Active","true","2025-02-24 12:46:57 -0800"
"9091643998439","shrunken-hoodie-sweatshirt-poppy","MERGE","Shrunken Hoodie Sweatshirt Poppy","Archived","false",""
"9091644162279","iris-tank-poppy","MERGE","Iris Tank Poppy","Archived","false",""
"9091644457191","fitted-crewneck-short-sleeve-t-shirt-poppy","MERGE","FITTED CREWNECK SHORT SLEEVE T-SHIRT","Active","true","2025-02-20 16:06:04 -0800"
"9091644784871","oversized-raglan-sweatshirt-poppy","MERGE","OVERSIZED RAGLAN SWEATSHIRT","Active","true","2025-03-25 08:17:57 -0700"
"9091644915943","iris-mini-dress-poppy","MERGE","Iris Mini Dress Poppy","Archived","false",""
"9091645047015","iris-maxi-dress-poppy","MERGE","IRIS MAXI DRESS","Active","true","2025-02-24 12:46:57 -0800"
"9091645112551","long-sleeve-baby-tee-poppy","MERGE","LONG SLEEVE BABY TEE","Active","true","2025-02-24 12:49:44 -0800"
"9091645276391","short-sleeve-baby-tee-poppy","MERGE","SHORT SLEEVE BABY TEE","Active","true","2025-02-20 16:10:24 -0800"
"9091645472999","rib-tank-poppy","MERGE","RIB TANK","Active","true","2025-02-24 12:46:59 -0800"
"9091645636839","brody-pant-poppy-silk","MERGE","BRODY PANT","Active","true","2025-02-10 17:57:32 -0800"
"9091645735143","josephine-pant-poppy","MERGE","JOSEPHINE PANT","Active","true","2025-02-10 17:57:32 -0800"
"9091645866215","constance-top-poppy","MERGE","CONSTANCE TOP","Active","true","2025-02-10 17:57:32 -0800"
"9091645931751","mila-silk-camisole-poppy","MERGE","MILA CAMISOLE","Active","true","2025-02-10 17:57:32 -0800"
"9091646062823","mila-maxi-dress-poppy","MERGE","MILA DRESS","Active","true","2025-02-10 17:57:33 -0800"
"9091646226663","isla-bikini-top-poppy","MERGE","ISLA TOP","Active","true","2025-04-06 09:20:07 -0700"
"9091646390503","isla-bikini-bottom-poppy","MERGE","ISLA BOTTOM","Active","true","2025-04-06 09:20:06 -0700"
"9091646587111","thea-bikini-top-poppy","MERGE","THEA TOP","Active","true","2025-04-06 09:20:07 -0700"
"9091646750951","thea-bikini-bottom-poppy","MERGE","THEA BOTTOM","Active","true","2025-04-06 09:20:07 -0700"
"9091646849255","kaia-bikini-top-poppy","MERGE","Kaia Bikini Top Poppy","Archived","false",""
"9091647013095","grace-one-piece-poppy","MERGE","GRACE ONE PIECE","Active","true","2025-05-18 08:54:19 -0700"
"9091647144167","kaia-one-piece-poppy","MERGE","KAIA ONE PIECE","Active","true","2025-05-18 08:47:19 -0700"
"9091647308007","kaia-bikini-bottom-poppy","MERGE","Kaia Bikini Bottom Poppy","Archived","false",""
"9091647701223","classic-sweatpant-sage","MERGE","CLASSIC SWEATPANT","Active","true","2025-03-21 12:09:32 -0700"
"9091647865063","shrunken-raglan-sweatshirt-sage","MERGE","SHRUNKEN RAGLAN SWEATSHIRT","Active","true","2025-03-21 11:59:20 -0700"
"9091647930599","boyfriend-pocket-sweatpant-sage","MERGE","BOYFRIEND POCKET SWEATPANT","Active","true","2025-03-25 08:17:57 -0700"
"9091647996135","shrunken-hoodie-sweatshirt-sage","MERGE","SHRUNKEN HOODIE SWEATSHIRT","Active","true","2025-03-21 13:42:34 -0700"
"9091648127207","fitted-crewneck-short-sleeve-t-shirt-sage","MERGE","FITTED CREWNECK SHORT SLEEVE T-SHIRT","Active","true","2025-02-17 12:19:51 -0800"
"9091648225511","short-sleeve-raglan-sweatshirt-sage","MERGE","Short Sleeve Raglan Sweatshirt","Archived","false",""
"9091648323815","oversized-raglan-sweatshirt-sage","MERGE","OVERSIZED RAGLAN SWEATSHIRT","Active","true","2025-03-25 08:17:57 -0700"
"9091648749799","long-sleeve-baby-tee-sage","MERGE","Long Sleeve Baby Tee Sage","Archived","false",""
"9091648913639","short-sleeve-baby-tee-sage","MERGE","SHORT SLEEVE BABY TEE","Active","true","2025-02-17 12:19:51 -0800"
"9091649044711","rib-tank-sage","MERGE","RIB TANK","Active","true","2025-03-03 13:25:43 -0800"
"9091649175783","isla-bikini-top-sage","MERGE","ISLA TOP","Active","true","2025-04-06 09:20:08 -0700"
"9091649274087","isla-bikini-bottom-sage","MERGE","ISLA BOTTOM","Active","true","2025-04-06 09:20:08 -0700"
"9091649372391","thea-bikini-top-sage","MERGE","THEA TOP","Active","true","2025-04-06 09:20:08 -0700"
"9092476502247","fitted-crewneck-long-sleeve-t-shirt-moss-cm","MERGE","FITTED CREWNECK LONG SLEEVE T-SHIRT","Active","true","2025-01-15 07:38:15 -0800"
"9152093847783","lounge-pant-dusty-pink","MERGE","LOUNGE PANT","Active","true","2025-05-02 14:24:24 -0700"
"9081897386215","shrunken-raglan-sweatshirt-dove","MERGE","SHRUNKEN RAGLAN SWEATSHIRT","Active","true","2025-01-28 08:00:28 -0800"